Strand,Mutation type,Trinucleotide,MCF10A_Carb_Low_cl2_Strelka_SNS
T,T>G,TTT,6
T,T>G,GTT,4
T,T>G,CTT,10
T,T>G,ATT,7
T,T>G,TTG,11
T,T>G,GTG,5
T,T>G,CTG,16
T,T>G,ATG,10
T,T>G,TTC,6
T,T>G,GTC,16
T,T>G,CTC,12
T,T>G,ATC,6
T,T>G,TTA,10
T,T>G,GTA,1
T,T>G,CTA,4
T,T>G,ATA,5
T,T>C,TTT,3
T,T>C,GTT,8
T,T>C,CTT,28
T,T>C,ATT,13
T,T>C,TTG,3
T,T>C,GTG,11
T,T>C,CTG,23
T,T>C,ATG,9
T,T>C,TTC,11
T,T>C,GTC,23
T,T>C,CTC,14
T,T>C,ATC,13
T,T>C,TTA,15
T,T>C,GTA,10
T,T>C,CTA,30
T,T>C,ATA,27
T,T>A,TTT,15
T,T>A,GTT,2
T,T>A,CTT,64
T,T>A,ATT,14
T,T>A,TTG,9
T,T>A,GTG,4
T,T>A,CTG,93
T,T>A,ATG,8
T,T>A,TTC,8
T,T>A,GTC,15
T,T>A,CTC,68
T,T>A,ATC,25
T,T>A,TTA,9
T,T>A,GTA,1
T,T>A,CTA,64
T,T>A,ATA,11
U,C>A,ACA,8
U,C>A,ACC,38
U,C>A,ACG,1
U,C>A,ACT,15
U,C>A,CCA,34
U,C>A,CCC,12
U,C>A,CCG,2
U,C>A,CCT,43
U,C>A,GCA,47
U,C>A,GCC,122
U,C>A,GCG,0
U,C>A,GCT,25
U,C>A,TCA,25
U,C>A,TCC,21
U,C>A,TCG,2
U,C>A,TCT,28
U,C>G,ACA,7
U,C>G,ACC,3
U,C>G,ACG,1
U,C>G,ACT,15
U,C>G,CCA,6
U,C>G,CCC,7
U,C>G,CCG,4
U,C>G,CCT,12
U,C>G,GCA,7
U,C>G,GCC,64
U,C>G,GCG,0
U,C>G,GCT,29
U,C>G,TCA,23
U,C>G,TCC,6
U,C>G,TCG,3
U,C>G,TCT,39
U,C>T,ACA,9
U,C>T,ACC,7
U,C>T,ACG,4
U,C>T,ACT,6
U,C>T,CCA,34
U,C>T,CCC,77
U,C>T,CCG,5
U,C>T,CCT,69
U,C>T,GCA,38
U,C>T,GCC,39
U,C>T,GCG,6
U,C>T,GCT,10
U,C>T,TCA,19
U,C>T,TCC,30
U,C>T,TCG,5
U,C>T,TCT,43
T,C>T,TCT,35
T,C>T,GCT,22
T,C>T,CCT,168
T,C>T,ACT,14
T,C>T,TCG,8
T,C>T,GCG,4
T,C>T,CCG,14
T,C>T,ACG,5
T,C>T,TCC,24
T,C>T,GCC,23
T,C>T,CCC,160
T,C>T,ACC,9
T,C>T,TCA,18
T,C>T,GCA,24
T,C>T,CCA,42
T,C>T,ACA,10
T,C>G,TCT,39
T,C>G,GCT,18
T,C>G,CCT,14
T,C>G,ACT,18
T,C>G,TCG,2
T,C>G,GCG,3
T,C>G,CCG,1
T,C>G,ACG,2
T,C>G,TCC,15
T,C>G,GCC,63
T,C>G,CCC,8
T,C>G,ACC,14
T,C>G,TCA,18
T,C>G,GCA,8
T,C>G,CCA,8
T,C>G,ACA,9
T,C>A,TCT,29
T,C>A,GCT,32
T,C>A,CCT,44
T,C>A,ACT,22
T,C>A,TCG,1
T,C>A,GCG,1
T,C>A,CCG,2
T,C>A,ACG,1
T,C>A,TCC,25
T,C>A,GCC,126
T,C>A,CCC,18
T,C>A,ACC,57
T,C>A,TCA,20
T,C>A,GCA,49
T,C>A,CCA,32
T,C>A,ACA,23
U,T>A,ATA,14
U,T>A,ATC,7
U,T>A,ATG,7
U,T>A,ATT,13
U,T>A,CTA,45
U,T>A,CTC,30
U,T>A,CTG,51
U,T>A,CTT,40
U,T>A,GTA,1
U,T>A,GTC,10
U,T>A,GTG,2
U,T>A,GTT,3
U,T>A,TTA,15
U,T>A,TTC,4
U,T>A,TTG,2
U,T>A,TTT,5
U,T>C,ATA,14
U,T>C,ATC,7
U,T>C,ATG,4
U,T>C,ATT,17
U,T>C,CTA,15
U,T>C,CTC,11
U,T>C,CTG,16
U,T>C,CTT,54
U,T>C,GTA,7
U,T>C,GTC,28
U,T>C,GTG,7
U,T>C,GTT,6
U,T>C,TTA,9
U,T>C,TTC,10
U,T>C,TTG,4
U,T>C,TTT,10
U,T>G,ATA,11
U,T>G,ATC,4
U,T>G,ATG,10
U,T>G,ATT,9
U,T>G,CTA,2
U,T>G,CTC,4
U,T>G,CTG,13
U,T>G,CTT,15
U,T>G,GTA,2
U,T>G,GTC,8
U,T>G,GTG,6
U,T>G,GTT,5
U,T>G,TTA,5
U,T>G,TTC,5
U,T>G,TTG,9
U,T>G,TTT,6
