Mutation type,Pentanucleotide,data/HepG2_Cis_1_SNVresult_rmDup.vcf,data/HepG2_Cis_2_SNVresult_rmDup.vcf,data/HepG2_Cis_3_SNVresult_rmDup.vcf,data/HepG2_Cis_4_SNVresult_rmDup.vcf
C>A,AACAA,18,18,12,13
C>A,AACAC,9,5,4,1
C>A,AACAG,9,11,6,3
C>A,AACAT,11,9,6,7
C>A,AACCA,13,15,10,5
C>A,AACCC,56,42,65,40
C>A,AACCG,3,4,2,3
C>A,AACCT,80,95,117,64
C>A,AACGA,1,1,0,0
C>A,AACGC,0,0,0,0
C>A,AACGG,0,0,1,0
C>A,AACGT,0,1,0,1
C>A,AACTA,19,14,10,2
C>A,AACTC,13,12,13,7
C>A,AACTG,25,14,10,9
C>A,AACTT,20,18,16,8
C>A,ACCAA,13,15,6,11
C>A,ACCAC,4,10,10,3
C>A,ACCAG,9,11,10,7
C>A,ACCAT,13,15,14,9
C>A,ACCCA,11,13,15,9
C>A,ACCCC,6,8,13,6
C>A,ACCCG,1,1,2,2
C>A,ACCCT,16,10,8,11
C>A,ACCGA,0,1,0,1
C>A,ACCGC,0,1,1,2
C>A,ACCGG,0,0,0,1
C>A,ACCGT,0,1,0,0
C>A,ACCTA,13,11,7,6
C>A,ACCTC,11,11,11,4
C>A,ACCTG,10,21,13,13
C>A,ACCTT,27,30,29,13
C>A,AGCAA,55,55,65,36
C>A,AGCAC,37,21,31,22
C>A,AGCAG,21,16,30,18
C>A,AGCAT,38,28,35,21
C>A,AGCCA,57,64,63,51
C>A,AGCCC,52,46,63,59
C>A,AGCCG,4,2,1,2
C>A,AGCCT,107,100,126,78
C>A,AGCGA,1,0,2,2
C>A,AGCGC,0,0,1,0
C>A,AGCGG,2,2,2,2
C>A,AGCGT,0,1,2,0
C>A,AGCTA,5,13,11,8
C>A,AGCTC,9,6,10,6
C>A,AGCTG,10,13,15,12
C>A,AGCTT,14,13,7,8
C>A,ATCAA,10,15,5,7
C>A,ATCAC,8,8,8,5
C>A,ATCAG,8,7,4,6
C>A,ATCAT,10,6,7,6
C>A,ATCCA,15,16,15,5
C>A,ATCCC,8,7,17,6
C>A,ATCCG,2,3,1,1
C>A,ATCCT,30,28,34,18
C>A,ATCGA,0,1,3,0
C>A,ATCGC,0,0,0,0
C>A,ATCGG,1,0,1,0
C>A,ATCGT,0,1,0,2
C>A,ATCTA,14,16,12,4
C>A,ATCTC,10,12,7,10
C>A,ATCTG,15,20,9,11
C>A,ATCTT,21,27,18,11
C>A,CACAA,10,19,10,11
C>A,CACAC,6,4,7,6
C>A,CACAG,4,11,8,6
C>A,CACAT,8,10,8,8
C>A,CACCA,22,20,8,15
C>A,CACCC,30,37,23,27
C>A,CACCG,1,3,5,3
C>A,CACCT,55,58,63,39
C>A,CACGA,1,1,2,2
C>A,CACGC,2,2,1,0
C>A,CACGG,4,1,0,0
C>A,CACGT,0,2,2,0
C>A,CACTA,9,11,11,7
C>A,CACTC,8,6,15,7
C>A,CACTG,16,11,17,15
C>A,CACTT,16,14,17,8
C>A,CCCAA,21,22,15,13
C>A,CCCAC,22,27,17,15
C>A,CCCAG,28,36,34,32
C>A,CCCAT,22,37,15,18
C>A,CCCCA,12,14,19,16
C>A,CCCCC,0,0,0,0
C>A,CCCCG,0,2,1,3
C>A,CCCCT,9,11,12,5
C>A,CCCGA,4,2,3,1
C>A,CCCGC,1,1,3,1
C>A,CCCGG,2,2,5,7
C>A,CCCGT,4,5,4,4
C>A,CCCTA,11,14,13,14
C>A,CCCTC,15,12,15,13
C>A,CCCTG,22,31,22,19
C>A,CCCTT,37,42,43,23
C>A,CGCAA,1,0,3,1
C>A,CGCAC,2,1,1,2
C>A,CGCAG,1,0,0,3
C>A,CGCAT,2,0,3,1
C>A,CGCCA,2,1,2,4
C>A,CGCCC,12,14,13,7
C>A,CGCCG,0,0,1,0
C>A,CGCCT,18,24,22,21
C>A,CGCGA,0,0,0,0
C>A,CGCGC,0,0,1,0
C>A,CGCGG,0,0,0,0
C>A,CGCGT,0,0,0,0
C>A,CGCTA,3,1,0,0
C>A,CGCTC,3,1,0,2
C>A,CGCTG,1,1,1,2
C>A,CGCTT,0,0,1,0
C>A,CTCAA,9,9,10,8
C>A,CTCAC,5,8,7,7
C>A,CTCAG,9,5,6,5
C>A,CTCAT,9,5,2,7
C>A,CTCCA,13,11,14,9
C>A,CTCCC,12,10,16,20
C>A,CTCCG,0,0,2,1
C>A,CTCCT,28,31,38,24
C>A,CTCGA,0,4,0,0
C>A,CTCGC,1,1,2,0
C>A,CTCGG,1,0,2,0
C>A,CTCGT,1,1,1,0
C>A,CTCTA,6,8,6,7
C>A,CTCTC,6,10,8,4
C>A,CTCTG,9,6,12,12
C>A,CTCTT,16,22,25,10
C>A,GACAA,12,14,3,9
C>A,GACAC,1,5,4,2
C>A,GACAG,5,4,4,2
C>A,GACAT,4,3,4,4
C>A,GACCA,9,4,9,4
C>A,GACCC,8,8,11,4
C>A,GACCG,1,1,0,0
C>A,GACCT,13,17,16,7
C>A,GACGA,1,0,0,1
C>A,GACGC,0,1,0,0
C>A,GACGG,1,0,0,1
C>A,GACGT,2,0,0,0
C>A,GACTA,11,4,5,2
C>A,GACTC,5,4,6,4
C>A,GACTG,9,7,8,3
C>A,GACTT,5,12,9,4
C>A,GCCAA,9,10,10,3
C>A,GCCAC,7,5,7,10
C>A,GCCAG,8,7,10,6
C>A,GCCAT,3,15,8,3
C>A,GCCCA,10,7,10,9
C>A,GCCCC,1,0,7,2
C>A,GCCCG,1,3,2,3
C>A,GCCCT,6,4,4,7
C>A,GCCGA,1,0,2,2
C>A,GCCGC,0,0,0,1
C>A,GCCGG,1,3,0,0
C>A,GCCGT,1,0,1,0
C>A,GCCTA,2,4,8,1
C>A,GCCTC,12,13,9,10
C>A,GCCTG,12,1,6,11
C>A,GCCTT,13,11,13,7
C>A,GGCAA,19,10,17,15
C>A,GGCAC,8,10,7,3
C>A,GGCAG,13,6,8,14
C>A,GGCAT,15,9,9,8
C>A,GGCCA,12,13,14,10
C>A,GGCCC,10,14,12,22
C>A,GGCCG,1,3,1,3
C>A,GGCCT,34,36,37,31
C>A,GGCGA,0,1,0,0
C>A,GGCGC,0,1,0,2
C>A,GGCGG,1,0,1,3
C>A,GGCGT,1,0,0,3
C>A,GGCTA,5,5,11,7
C>A,GGCTC,5,3,3,4
C>A,GGCTG,7,16,10,11
C>A,GGCTT,4,5,9,5
C>A,GTCAA,9,4,8,4
C>A,GTCAC,6,8,2,6
C>A,GTCAG,6,4,6,2
C>A,GTCAT,5,3,5,8
C>A,GTCCA,11,12,8,8
C>A,GTCCC,4,10,7,5
C>A,GTCCG,1,1,0,1
C>A,GTCCT,4,4,8,2
C>A,GTCGA,0,2,1,0
C>A,GTCGC,1,0,0,1
C>A,GTCGG,0,0,0,1
C>A,GTCGT,0,0,0,1
C>A,GTCTA,11,11,8,7
C>A,GTCTC,6,7,8,7
C>A,GTCTG,6,8,8,3
C>A,GTCTT,12,7,9,9
C>A,TACAA,8,13,9,11
C>A,TACAC,6,2,4,4
C>A,TACAG,5,4,4,4
C>A,TACAT,7,5,3,3
C>A,TACCA,20,8,8,6
C>A,TACCC,30,25,32,15
C>A,TACCG,3,0,1,0
C>A,TACCT,46,52,45,20
C>A,TACGA,1,0,0,0
C>A,TACGC,1,0,2,0
C>A,TACGG,1,0,1,1
C>A,TACGT,0,0,0,0
C>A,TACTA,12,6,10,7
C>A,TACTC,11,4,11,2
C>A,TACTG,6,13,11,6
C>A,TACTT,9,14,20,2
C>A,TCCAA,12,15,13,9
C>A,TCCAC,6,11,10,9
C>A,TCCAG,17,12,13,8
C>A,TCCAT,18,26,18,15
C>A,TCCCA,17,12,18,14
C>A,TCCCC,9,8,4,9
C>A,TCCCG,1,0,4,4
C>A,TCCCT,13,18,7,10
C>A,TCCGA,0,1,2,2
C>A,TCCGC,0,0,0,2
C>A,TCCGG,0,1,0,1
C>A,TCCGT,1,4,0,1
C>A,TCCTA,16,10,11,11
C>A,TCCTC,10,12,6,12
C>A,TCCTG,11,15,14,6
C>A,TCCTT,31,34,31,15
C>A,TGCAA,15,15,14,7
C>A,TGCAC,10,6,9,8
C>A,TGCAG,11,7,6,14
C>A,TGCAT,13,12,19,13
C>A,TGCCA,21,19,28,13
C>A,TGCCC,36,33,45,30
C>A,TGCCG,2,0,0,2
C>A,TGCCT,100,89,104,66
C>A,TGCGA,3,0,1,0
C>A,TGCGC,0,0,0,1
C>A,TGCGG,1,0,0,0
C>A,TGCGT,0,4,0,0
C>A,TGCTA,8,10,4,2
C>A,TGCTC,6,6,8,3
C>A,TGCTG,9,13,8,6
C>A,TGCTT,14,10,7,9
C>A,TTCAA,23,20,16,11
C>A,TTCAC,8,11,4,8
C>A,TTCAG,10,10,10,6
C>A,TTCAT,16,12,10,7
C>A,TTCCA,16,18,11,12
C>A,TTCCC,13,14,15,8
C>A,TTCCG,1,0,2,0
C>A,TTCCT,48,46,49,24
C>A,TTCGA,0,1,1,0
C>A,TTCGC,0,0,0,0
C>A,TTCGG,0,0,1,0
C>A,TTCGT,0,1,1,0
C>A,TTCTA,10,11,20,5
C>A,TTCTC,15,12,5,8
C>A,TTCTG,23,9,7,9
C>A,TTCTT,35,32,20,18
C>G,AACAA,7,10,5,3
C>G,AACAC,4,0,0,3
C>G,AACAG,6,3,3,4
C>G,AACAT,4,2,2,2
C>G,AACCA,5,9,2,3
C>G,AACCC,0,2,3,3
C>G,AACCG,0,0,0,0
C>G,AACCT,5,4,2,2
C>G,AACGA,0,0,1,1
C>G,AACGC,0,0,0,0
C>G,AACGG,0,0,0,0
C>G,AACGT,3,0,0,1
C>G,AACTA,5,9,3,2
C>G,AACTC,3,5,1,2
C>G,AACTG,2,4,1,4
C>G,AACTT,8,12,2,5
C>G,ACCAA,5,4,3,3
C>G,ACCAC,2,1,0,4
C>G,ACCAG,1,2,2,4
C>G,ACCAT,1,2,0,2
C>G,ACCCA,4,1,2,1
C>G,ACCCC,0,2,4,2
C>G,ACCCG,1,0,1,0
C>G,ACCCT,0,2,4,5
C>G,ACCGA,0,0,0,0
C>G,ACCGC,0,0,0,1
C>G,ACCGG,0,0,0,1
C>G,ACCGT,0,0,1,0
C>G,ACCTA,4,3,5,1
C>G,ACCTC,0,0,5,5
C>G,ACCTG,1,5,0,2
C>G,ACCTT,4,2,0,1
C>G,AGCAA,9,6,3,7
C>G,AGCAC,3,3,3,3
C>G,AGCAG,4,4,4,1
C>G,AGCAT,3,5,1,1
C>G,AGCCA,49,44,48,41
C>G,AGCCC,23,34,51,20
C>G,AGCCG,3,3,5,6
C>G,AGCCT,75,76,90,66
C>G,AGCGA,0,1,0,0
C>G,AGCGC,0,0,0,1
C>G,AGCGG,0,0,1,1
C>G,AGCGT,0,0,1,0
C>G,AGCTA,12,10,7,12
C>G,AGCTC,12,4,13,2
C>G,AGCTG,10,6,8,10
C>G,AGCTT,15,13,10,8
C>G,ATCAA,3,5,4,5
C>G,ATCAC,0,0,0,4
C>G,ATCAG,3,5,2,5
C>G,ATCAT,0,4,0,2
C>G,ATCCA,6,8,1,0
C>G,ATCCC,1,1,1,3
C>G,ATCCG,1,1,0,0
C>G,ATCCT,5,3,1,4
C>G,ATCGA,0,1,0,1
C>G,ATCGC,1,1,0,2
C>G,ATCGG,1,0,0,0
C>G,ATCGT,1,1,0,1
C>G,ATCTA,6,11,7,6
C>G,ATCTC,5,6,5,2
C>G,ATCTG,18,25,23,25
C>G,ATCTT,15,7,5,4
C>G,CACAA,6,1,3,5
C>G,CACAC,1,3,2,0
C>G,CACAG,6,7,2,3
C>G,CACAT,1,0,2,1
C>G,CACCA,3,6,3,3
C>G,CACCC,3,2,0,2
C>G,CACCG,2,0,1,0
C>G,CACCT,5,7,4,5
C>G,CACGA,0,1,0,2
C>G,CACGC,0,0,0,1
C>G,CACGG,0,0,0,0
C>G,CACGT,1,1,1,1
C>G,CACTA,6,4,3,2
C>G,CACTC,4,6,1,6
C>G,CACTG,4,7,5,3
C>G,CACTT,5,1,12,6
C>G,CCCAA,2,6,5,6
C>G,CCCAC,2,3,2,4
C>G,CCCAG,2,11,5,5
C>G,CCCAT,0,5,1,1
C>G,CCCCA,3,1,4,5
C>G,CCCCC,0,0,0,0
C>G,CCCCG,1,1,0,2
C>G,CCCCT,2,2,1,1
C>G,CCCGA,0,0,2,2
C>G,CCCGC,0,1,1,2
C>G,CCCGG,0,1,1,3
C>G,CCCGT,0,0,1,0
C>G,CCCTA,3,7,4,2
C>G,CCCTC,3,2,2,1
C>G,CCCTG,5,3,4,1
C>G,CCCTT,3,7,4,4
C>G,CGCAA,1,0,1,1
C>G,CGCAC,0,0,0,0
C>G,CGCAG,2,1,0,1
C>G,CGCAT,1,0,0,0
C>G,CGCCA,2,1,6,2
C>G,CGCCC,0,3,2,5
C>G,CGCCG,0,0,0,0
C>G,CGCCT,3,4,4,9
C>G,CGCGA,0,0,0,0
C>G,CGCGC,0,0,0,1
C>G,CGCGG,0,0,1,0
C>G,CGCGT,0,0,0,0
C>G,CGCTA,0,1,1,0
C>G,CGCTC,0,1,0,0
C>G,CGCTG,1,0,0,0
C>G,CGCTT,0,1,0,0
C>G,CTCAA,4,5,7,11
C>G,CTCAC,2,1,1,1
C>G,CTCAG,4,8,4,1
C>G,CTCAT,2,6,3,1
C>G,CTCCA,2,4,2,4
C>G,CTCCC,6,4,5,3
C>G,CTCCG,1,0,1,1
C>G,CTCCT,3,5,4,3
C>G,CTCGA,1,0,1,2
C>G,CTCGC,0,0,2,0
C>G,CTCGG,1,0,0,1
C>G,CTCGT,1,0,1,0
C>G,CTCTA,11,18,10,8
C>G,CTCTC,3,11,9,3
C>G,CTCTG,9,12,11,12
C>G,CTCTT,11,11,7,4
C>G,GACAA,3,1,3,0
C>G,GACAC,1,0,0,2
C>G,GACAG,4,2,2,1
C>G,GACAT,3,1,0,0
C>G,GACCA,3,0,3,1
C>G,GACCC,2,0,0,1
C>G,GACCG,0,0,1,0
C>G,GACCT,1,1,3,2
C>G,GACGA,0,1,0,0
C>G,GACGC,0,1,0,2
C>G,GACGG,0,0,1,0
C>G,GACGT,0,0,3,0
C>G,GACTA,1,3,3,2
C>G,GACTC,1,1,2,0
C>G,GACTG,2,1,2,4
C>G,GACTT,7,3,5,0
C>G,GCCAA,1,2,1,0
C>G,GCCAC,1,1,1,1
C>G,GCCAG,3,5,2,2
C>G,GCCAT,0,2,1,1
C>G,GCCCA,1,2,2,3
C>G,GCCCC,0,0,1,0
C>G,GCCCG,0,1,0,0
C>G,GCCCT,1,2,0,4
C>G,GCCGA,0,0,1,0
C>G,GCCGC,0,0,0,1
C>G,GCCGG,0,0,0,1
C>G,GCCGT,1,0,0,0
C>G,GCCTA,1,2,3,1
C>G,GCCTC,1,2,8,3
C>G,GCCTG,6,5,6,9
C>G,GCCTT,2,4,1,1
C>G,GGCAA,3,3,2,1
C>G,GGCAC,0,2,1,1
C>G,GGCAG,1,5,3,2
C>G,GGCAT,1,1,0,1
C>G,GGCCA,10,9,9,4
C>G,GGCCC,5,8,4,14
C>G,GGCCG,1,2,2,1
C>G,GGCCT,11,10,14,11
C>G,GGCGA,0,1,1,0
C>G,GGCGC,2,1,0,0
C>G,GGCGG,2,2,3,1
C>G,GGCGT,0,0,1,0
C>G,GGCTA,3,1,6,1
C>G,GGCTC,0,1,2,4
C>G,GGCTG,5,10,3,3
C>G,GGCTT,4,1,8,4
C>G,GTCAA,6,1,3,2
C>G,GTCAC,5,2,2,0
C>G,GTCAG,1,2,8,3
C>G,GTCAT,1,1,3,3
C>G,GTCCA,1,4,3,3
C>G,GTCCC,0,1,2,2
C>G,GTCCG,0,0,1,0
C>G,GTCCT,2,2,1,4
C>G,GTCGA,0,0,0,0
C>G,GTCGC,1,0,0,0
C>G,GTCGG,0,0,2,0
C>G,GTCGT,0,0,0,0
C>G,GTCTA,6,2,2,5
C>G,GTCTC,3,1,3,7
C>G,GTCTG,17,13,26,14
C>G,GTCTT,9,4,6,3
C>G,TACAA,4,4,0,4
C>G,TACAC,0,2,1,1
C>G,TACAG,4,0,3,4
C>G,TACAT,2,1,1,1
C>G,TACCA,1,2,3,1
C>G,TACCC,2,0,0,0
C>G,TACCG,0,1,0,0
C>G,TACCT,2,1,2,2
C>G,TACGA,0,0,0,0
C>G,TACGC,0,0,0,0
C>G,TACGG,0,0,0,0
C>G,TACGT,0,0,1,1
C>G,TACTA,8,3,3,2
C>G,TACTC,1,2,3,0
C>G,TACTG,3,4,2,1
C>G,TACTT,5,7,4,6
C>G,TCCAA,3,2,1,5
C>G,TCCAC,1,2,2,0
C>G,TCCAG,0,7,2,1
C>G,TCCAT,0,3,1,0
C>G,TCCCA,4,1,5,1
C>G,TCCCC,1,4,1,2
C>G,TCCCG,0,0,0,0
C>G,TCCCT,3,7,3,3
C>G,TCCGA,0,3,0,0
C>G,TCCGC,0,0,0,0
C>G,TCCGG,0,0,2,2
C>G,TCCGT,1,0,1,0
C>G,TCCTA,2,1,5,1
C>G,TCCTC,1,4,2,1
C>G,TCCTG,5,3,6,4
C>G,TCCTT,8,5,7,6
C>G,TGCAA,3,3,0,1
C>G,TGCAC,1,1,1,0
C>G,TGCAG,5,2,3,1
C>G,TGCAT,6,2,0,2
C>G,TGCCA,10,6,9,5
C>G,TGCCC,5,2,9,3
C>G,TGCCG,0,1,0,1
C>G,TGCCT,9,13,9,5
C>G,TGCGA,0,0,1,1
C>G,TGCGC,0,0,0,0
C>G,TGCGG,1,0,1,0
C>G,TGCGT,3,2,0,0
C>G,TGCTA,1,2,1,1
C>G,TGCTC,0,2,1,2
C>G,TGCTG,4,2,2,2
C>G,TGCTT,2,3,2,2
C>G,TTCAA,6,4,5,3
C>G,TTCAC,2,1,0,2
C>G,TTCAG,6,3,3,4
C>G,TTCAT,0,1,4,0
C>G,TTCCA,0,4,5,5
C>G,TTCCC,4,6,2,1
C>G,TTCCG,0,0,2,0
C>G,TTCCT,2,8,3,4
C>G,TTCGA,0,1,1,0
C>G,TTCGC,0,0,0,0
C>G,TTCGG,0,0,0,0
C>G,TTCGT,0,0,0,0
C>G,TTCTA,10,11,9,4
C>G,TTCTC,5,2,6,1
C>G,TTCTG,15,16,17,7
C>G,TTCTT,18,11,8,7
C>T,AACAA,4,13,5,1
C>T,AACAC,9,6,3,3
C>T,AACAG,5,5,8,8
C>T,AACAT,13,8,7,6
C>T,AACCA,4,3,5,5
C>T,AACCC,4,6,3,5
C>T,AACCG,0,0,0,0
C>T,AACCT,8,6,0,6
C>T,AACGA,1,1,0,1
C>T,AACGC,3,0,0,0
C>T,AACGG,3,1,0,1
C>T,AACGT,0,1,0,0
C>T,AACTA,3,3,2,2
C>T,AACTC,2,3,1,6
C>T,AACTG,1,2,5,4
C>T,AACTT,5,6,4,2
C>T,ACCAA,11,9,6,3
C>T,ACCAC,6,9,8,11
C>T,ACCAG,6,6,6,7
C>T,ACCAT,7,5,8,9
C>T,ACCCA,22,30,32,25
C>T,ACCCC,8,9,11,14
C>T,ACCCG,4,3,4,7
C>T,ACCCT,22,19,22,20
C>T,ACCGA,2,0,0,0
C>T,ACCGC,0,4,2,1
C>T,ACCGG,2,0,1,0
C>T,ACCGT,4,2,1,1
C>T,ACCTA,13,7,12,7
C>T,ACCTC,22,36,30,28
C>T,ACCTG,21,22,29,27
C>T,ACCTT,25,26,37,28
C>T,AGCAA,18,15,12,6
C>T,AGCAC,9,14,5,5
C>T,AGCAG,11,9,13,7
C>T,AGCAT,21,17,21,13
C>T,AGCCA,25,29,29,22
C>T,AGCCC,16,14,15,15
C>T,AGCCG,2,2,5,5
C>T,AGCCT,30,35,46,23
C>T,AGCGA,1,1,2,0
C>T,AGCGC,0,1,0,4
C>T,AGCGG,1,3,3,0
C>T,AGCGT,2,2,0,0
C>T,AGCTA,13,5,7,11
C>T,AGCTC,15,6,6,6
C>T,AGCTG,11,14,8,15
C>T,AGCTT,15,8,10,14
C>T,ATCAA,8,5,3,2
C>T,ATCAC,3,8,0,1
C>T,ATCAG,3,2,4,2
C>T,ATCAT,7,10,1,1
C>T,ATCCA,9,4,5,11
C>T,ATCCC,14,9,8,10
C>T,ATCCG,1,0,1,0
C>T,ATCCT,12,8,10,7
C>T,ATCGA,2,1,1,1
C>T,ATCGC,1,0,0,0
C>T,ATCGG,0,0,0,1
C>T,ATCGT,1,0,0,2
C>T,ATCTA,7,7,5,1
C>T,ATCTC,3,13,9,9
C>T,ATCTG,4,6,10,4
C>T,ATCTT,10,15,20,10
C>T,CACAA,7,2,1,0
C>T,CACAC,1,3,3,5
C>T,CACAG,5,2,5,6
C>T,CACAT,5,6,0,5
C>T,CACCA,3,2,6,1
C>T,CACCC,5,1,3,2
C>T,CACCG,1,0,0,1
C>T,CACCT,5,2,5,4
C>T,CACGA,0,1,2,0
C>T,CACGC,1,2,2,4
C>T,CACGG,1,1,4,2
C>T,CACGT,1,0,0,1
C>T,CACTA,7,6,4,1
C>T,CACTC,2,2,1,4
C>T,CACTG,7,4,3,7
C>T,CACTT,6,6,2,1
C>T,CCCAA,13,25,27,12
C>T,CCCAC,35,30,48,27
C>T,CCCAG,34,27,32,33
C>T,CCCAT,36,37,36,22
C>T,CCCCA,142,110,191,133
C>T,CCCCC,0,0,0,0
C>T,CCCCG,18,14,31,32
C>T,CCCCT,97,113,132,115
C>T,CCCGA,1,4,3,3
C>T,CCCGC,10,9,15,8
C>T,CCCGG,6,6,11,8
C>T,CCCGT,4,6,7,8
C>T,CCCTA,17,30,19,14
C>T,CCCTC,82,89,145,100
C>T,CCCTG,22,23,34,20
C>T,CCCTT,85,76,116,86
C>T,CGCAA,3,1,0,0
C>T,CGCAC,1,1,1,0
C>T,CGCAG,0,1,1,1
C>T,CGCAT,0,1,0,2
C>T,CGCCA,1,0,2,2
C>T,CGCCC,1,1,3,2
C>T,CGCCG,0,0,0,0
C>T,CGCCT,1,0,2,2
C>T,CGCGA,0,1,0,2
C>T,CGCGC,0,0,2,2
C>T,CGCGG,1,0,2,1
C>T,CGCGT,1,0,0,0
C>T,CGCTA,0,0,0,0
C>T,CGCTC,0,0,2,1
C>T,CGCTG,1,0,2,1
C>T,CGCTT,2,1,0,1
C>T,CTCAA,3,2,3,6
C>T,CTCAC,5,2,1,3
C>T,CTCAG,2,4,5,6
C>T,CTCAT,3,4,4,4
C>T,CTCCA,14,17,9,11
C>T,CTCCC,27,26,28,25
C>T,CTCCG,1,2,3,0
C>T,CTCCT,23,24,29,25
C>T,CTCGA,0,1,0,0
C>T,CTCGC,1,1,0,1
C>T,CTCGG,0,1,2,5
C>T,CTCGT,1,1,0,3
C>T,CTCTA,9,9,6,8
C>T,CTCTC,15,12,8,12
C>T,CTCTG,15,11,15,10
C>T,CTCTT,25,21,38,16
C>T,GACAA,4,1,1,2
C>T,GACAC,1,2,0,2
C>T,GACAG,3,2,0,3
C>T,GACAT,6,8,3,3
C>T,GACCA,5,4,3,4
C>T,GACCC,2,2,0,4
C>T,GACCG,0,0,0,0
C>T,GACCT,2,5,3,3
C>T,GACGA,0,0,0,1
C>T,GACGC,1,0,1,1
C>T,GACGG,0,1,2,2
C>T,GACGT,0,0,0,1
C>T,GACTA,2,3,0,2
C>T,GACTC,2,4,2,2
C>T,GACTG,2,3,1,1
C>T,GACTT,0,5,4,4
C>T,GCCAA,2,0,1,2
C>T,GCCAC,5,3,4,2
C>T,GCCAG,1,3,1,7
C>T,GCCAT,5,3,7,4
C>T,GCCCA,2,6,1,6
C>T,GCCCC,3,2,2,2
C>T,GCCCG,0,1,0,0
C>T,GCCCT,6,6,4,6
C>T,GCCGA,0,1,1,2
C>T,GCCGC,0,1,0,1
C>T,GCCGG,1,1,2,0
C>T,GCCGT,0,0,2,1
C>T,GCCTA,1,0,3,3
C>T,GCCTC,5,4,12,7
C>T,GCCTG,3,10,0,11
C>T,GCCTT,6,8,5,2
C>T,GGCAA,8,2,3,5
C>T,GGCAC,2,9,4,2
C>T,GGCAG,8,6,7,7
C>T,GGCAT,6,5,6,6
C>T,GGCCA,3,6,6,8
C>T,GGCCC,5,2,10,3
C>T,GGCCG,0,3,2,1
C>T,GGCCT,8,10,13,16
C>T,GGCGA,0,2,0,0
C>T,GGCGC,1,0,1,2
C>T,GGCGG,2,3,0,1
C>T,GGCGT,2,2,2,2
C>T,GGCTA,8,4,6,6
C>T,GGCTC,5,6,10,5
C>T,GGCTG,3,11,8,7
C>T,GGCTT,5,7,9,12
C>T,GTCAA,2,2,0,0
C>T,GTCAC,3,1,0,1
C>T,GTCAG,4,2,2,1
C>T,GTCAT,6,3,5,5
C>T,GTCCA,4,1,2,4
C>T,GTCCC,3,3,4,11
C>T,GTCCG,0,0,0,1
C>T,GTCCT,9,11,9,5
C>T,GTCGA,1,0,1,0
C>T,GTCGC,0,0,0,0
C>T,GTCGG,0,0,0,1
C>T,GTCGT,0,0,0,2
C>T,GTCTA,5,7,3,3
C>T,GTCTC,5,3,2,4
C>T,GTCTG,2,2,1,6
C>T,GTCTT,21,19,23,5
C>T,TACAA,1,5,2,1
C>T,TACAC,2,2,4,2
C>T,TACAG,5,3,3,0
C>T,TACAT,5,7,4,2
C>T,TACCA,3,2,6,3
C>T,TACCC,1,3,2,0
C>T,TACCG,0,0,0,0
C>T,TACCT,8,3,1,2
C>T,TACGA,2,1,1,0
C>T,TACGC,2,0,1,0
C>T,TACGG,0,0,1,0
C>T,TACGT,0,1,1,0
C>T,TACTA,2,4,5,2
C>T,TACTC,3,4,2,3
C>T,TACTG,6,3,2,1
C>T,TACTT,8,6,3,1
C>T,TCCAA,28,29,35,24
C>T,TCCAC,51,51,51,31
C>T,TCCAG,42,43,44,39
C>T,TCCAT,59,45,83,32
C>T,TCCCA,206,266,338,260
C>T,TCCCC,123,115,162,148
C>T,TCCCG,24,42,36,48
C>T,TCCCT,250,235,322,236
C>T,TCCGA,6,5,12,5
C>T,TCCGC,11,8,20,23
C>T,TCCGG,8,4,8,5
C>T,TCCGT,11,10,18,8
C>T,TCCTA,99,96,139,87
C>T,TCCTC,187,161,284,192
C>T,TCCTG,153,145,219,207
C>T,TCCTT,218,205,279,163
C>T,TGCAA,15,13,12,4
C>T,TGCAC,6,10,5,6
C>T,TGCAG,6,5,8,10
C>T,TGCAT,8,13,9,6
C>T,TGCCA,6,5,5,4
C>T,TGCCC,10,10,9,11
C>T,TGCCG,0,0,0,1
C>T,TGCCT,26,20,32,19
C>T,TGCGA,1,2,2,1
C>T,TGCGC,2,1,0,3
C>T,TGCGG,1,0,0,2
C>T,TGCGT,1,0,0,0
C>T,TGCTA,6,8,3,5
C>T,TGCTC,10,2,8,5
C>T,TGCTG,9,8,6,8
C>T,TGCTT,7,12,6,8
C>T,TTCAA,7,7,4,7
C>T,TTCAC,5,2,3,4
C>T,TTCAG,3,1,6,3
C>T,TTCAT,8,6,8,2
C>T,TTCCA,18,13,13,9
C>T,TTCCC,8,10,13,10
C>T,TTCCG,1,2,1,0
C>T,TTCCT,28,23,26,19
C>T,TTCGA,0,0,1,2
C>T,TTCGC,0,0,2,2
C>T,TTCGG,1,2,2,1
C>T,TTCGT,0,0,1,1
C>T,TTCTA,13,11,11,9
C>T,TTCTC,20,11,15,10
C>T,TTCTG,14,20,18,15
C>T,TTCTT,28,40,31,24
T>A,AATAA,5,11,5,3
T>A,AATAC,2,4,5,1
T>A,AATAG,10,7,6,3
T>A,AATAT,4,9,4,2
T>A,AATCA,9,11,10,3
T>A,AATCC,10,8,15,5
T>A,AATCG,0,0,3,1
T>A,AATCT,37,35,21,6
T>A,AATGA,9,6,6,2
T>A,AATGC,1,2,1,4
T>A,AATGG,1,5,0,0
T>A,AATGT,2,3,3,1
T>A,AATTA,7,11,5,4
T>A,AATTC,4,2,5,1
T>A,AATTG,2,3,3,1
T>A,AATTT,8,1,3,3
T>A,ACTAA,40,27,28,15
T>A,ACTAC,16,22,35,13
T>A,ACTAG,26,43,37,15
T>A,ACTAT,35,39,33,18
T>A,ACTCA,15,26,29,13
T>A,ACTCC,16,20,17,13
T>A,ACTCG,2,4,2,3
T>A,ACTCT,22,14,25,7
T>A,ACTGA,49,44,58,23
T>A,ACTGC,35,37,34,20
T>A,ACTGG,24,31,29,26
T>A,ACTGT,37,40,32,27
T>A,ACTTA,41,41,44,26
T>A,ACTTC,21,28,22,17
T>A,ACTTG,40,50,32,18
T>A,ACTTT,29,48,20,23
T>A,AGTAA,1,2,2,2
T>A,AGTAC,0,2,0,1
T>A,AGTAG,2,1,0,2
T>A,AGTAT,0,2,3,1
T>A,AGTCA,0,4,1,2
T>A,AGTCC,1,2,4,2
T>A,AGTCG,0,0,0,0
T>A,AGTCT,17,25,14,6
T>A,AGTGA,0,5,2,3
T>A,AGTGC,1,0,2,1
T>A,AGTGG,0,1,2,1
T>A,AGTGT,3,1,2,0
T>A,AGTTA,0,3,0,0
T>A,AGTTC,3,2,0,0
T>A,AGTTG,2,1,0,2
T>A,AGTTT,2,1,2,2
T>A,ATTAA,7,6,3,1
T>A,ATTAC,1,2,0,2
T>A,ATTAG,1,2,1,4
T>A,ATTAT,4,5,9,3
T>A,ATTCA,8,1,1,3
T>A,ATTCC,1,1,1,0
T>A,ATTCG,0,1,0,0
T>A,ATTCT,6,7,3,3
T>A,ATTGA,2,4,3,0
T>A,ATTGC,1,0,2,0
T>A,ATTGG,0,1,2,2
T>A,ATTGT,1,1,0,2
T>A,ATTTA,2,5,1,0
T>A,ATTTC,4,2,4,0
T>A,ATTTG,2,1,1,2
T>A,ATTTT,2,6,5,1
T>A,CATAA,1,4,1,1
T>A,CATAC,0,1,1,1
T>A,CATAG,2,5,7,1
T>A,CATAT,3,3,1,1
T>A,CATCA,6,1,2,2
T>A,CATCC,0,4,0,2
T>A,CATCG,1,1,0,0
T>A,CATCT,6,7,3,7
T>A,CATGA,2,1,4,0
T>A,CATGC,1,0,1,0
T>A,CATGG,2,1,2,0
T>A,CATGT,2,3,3,2
T>A,CATTA,2,2,1,0
T>A,CATTC,4,1,3,0
T>A,CATTG,3,3,3,0
T>A,CATTT,1,4,11,3
T>A,CCTAA,8,8,10,2
T>A,CCTAC,16,4,4,2
T>A,CCTAG,14,5,12,8
T>A,CCTAT,4,15,8,4
T>A,CCTCA,26,19,16,7
T>A,CCTCC,19,17,21,17
T>A,CCTCG,2,1,1,1
T>A,CCTCT,19,28,21,18
T>A,CCTGA,9,11,12,9
T>A,CCTGC,13,12,14,12
T>A,CCTGG,8,16,13,7
T>A,CCTGT,14,10,17,9
T>A,CCTTA,16,17,17,11
T>A,CCTTC,15,18,20,13
T>A,CCTTG,12,21,18,8
T>A,CCTTT,16,27,29,19
T>A,CGTAA,0,0,0,0
T>A,CGTAC,0,0,0,0
T>A,CGTAG,1,1,0,0
T>A,CGTAT,0,0,0,0
T>A,CGTCA,0,1,1,1
T>A,CGTCC,0,0,0,1
T>A,CGTCG,0,0,0,0
T>A,CGTCT,2,1,3,2
T>A,CGTGA,1,0,0,0
T>A,CGTGC,0,0,0,2
T>A,CGTGG,0,1,1,1
T>A,CGTGT,0,0,0,0
T>A,CGTTA,0,0,1,0
T>A,CGTTC,1,0,0,0
T>A,CGTTG,0,0,0,0
T>A,CGTTT,0,0,0,0
T>A,CTTAA,3,1,7,0
T>A,CTTAC,2,4,1,1
T>A,CTTAG,0,6,1,1
T>A,CTTAT,8,1,2,0
T>A,CTTCA,5,2,3,3
T>A,CTTCC,4,5,0,1
T>A,CTTCG,0,0,0,0
T>A,CTTCT,2,4,8,2
T>A,CTTGA,2,2,0,2
T>A,CTTGC,1,1,0,0
T>A,CTTGG,3,2,3,4
T>A,CTTGT,4,0,1,0
T>A,CTTTA,2,1,1,1
T>A,CTTTC,0,0,1,1
T>A,CTTTG,0,3,2,2
T>A,CTTTT,2,3,2,0
T>A,GATAA,4,3,4,1
T>A,GATAC,0,0,0,1
T>A,GATAG,2,3,1,1
T>A,GATAT,4,1,0,1
T>A,GATCA,1,2,1,0
T>A,GATCC,1,0,0,1
T>A,GATCG,1,0,0,0
T>A,GATCT,5,4,2,3
T>A,GATGA,1,3,0,0
T>A,GATGC,1,2,1,2
T>A,GATGG,1,1,2,2
T>A,GATGT,0,1,1,1
T>A,GATTA,5,2,3,5
T>A,GATTC,6,0,3,5
T>A,GATTG,0,0,2,3
T>A,GATTT,2,1,7,1
T>A,GCTAA,5,5,4,5
T>A,GCTAC,1,4,2,4
T>A,GCTAG,5,2,2,0
T>A,GCTAT,4,4,3,5
T>A,GCTCA,1,3,2,0
T>A,GCTCC,2,3,1,1
T>A,GCTCG,0,0,0,0
T>A,GCTCT,2,3,2,0
T>A,GCTGA,6,3,4,2
T>A,GCTGC,3,2,10,4
T>A,GCTGG,8,4,11,7
T>A,GCTGT,6,2,2,3
T>A,GCTTA,7,2,1,2
T>A,GCTTC,4,5,2,5
T>A,GCTTG,5,2,2,3
T>A,GCTTT,4,6,7,1
T>A,GGTAA,0,0,3,1
T>A,GGTAC,0,1,1,1
T>A,GGTAG,2,3,3,0
T>A,GGTAT,1,1,1,1
T>A,GGTCA,1,2,5,1
T>A,GGTCC,1,0,1,0
T>A,GGTCG,0,1,1,0
T>A,GGTCT,13,10,10,7
T>A,GGTGA,2,2,2,2
T>A,GGTGC,2,1,1,0
T>A,GGTGG,2,2,1,2
T>A,GGTGT,0,1,0,1
T>A,GGTTA,0,0,1,1
T>A,GGTTC,0,2,0,0
T>A,GGTTG,1,2,0,1
T>A,GGTTT,2,1,1,1
T>A,GTTAA,0,3,4,2
T>A,GTTAC,3,2,1,0
T>A,GTTAG,3,0,4,0
T>A,GTTAT,2,3,0,1
T>A,GTTCA,0,3,0,0
T>A,GTTCC,3,1,1,1
T>A,GTTCG,0,0,0,0
T>A,GTTCT,3,2,0,1
T>A,GTTGA,1,2,1,2
T>A,GTTGC,0,1,1,0
T>A,GTTGG,3,3,2,2
T>A,GTTGT,0,0,0,0
T>A,GTTTA,1,2,0,1
T>A,GTTTC,0,1,1,2
T>A,GTTTG,1,0,1,1
T>A,GTTTT,3,2,0,2
T>A,TATAA,3,2,1,2
T>A,TATAC,3,2,3,0
T>A,TATAG,7,3,3,2
T>A,TATAT,0,2,1,1
T>A,TATCA,4,5,2,1
T>A,TATCC,3,2,3,4
T>A,TATCG,1,1,0,0
T>A,TATCT,4,15,9,4
T>A,TATGA,5,4,3,0
T>A,TATGC,2,0,0,1
T>A,TATGG,3,3,0,0
T>A,TATGT,2,4,0,2
T>A,TATTA,5,3,2,1
T>A,TATTC,3,0,4,3
T>A,TATTG,3,2,0,0
T>A,TATTT,3,7,3,2
T>A,TCTAA,10,9,9,5
T>A,TCTAC,8,12,9,7
T>A,TCTAG,14,10,10,6
T>A,TCTAT,11,19,9,6
T>A,TCTCA,28,20,25,15
T>A,TCTCC,23,20,18,11
T>A,TCTCG,1,4,2,5
T>A,TCTCT,32,34,32,28
T>A,TCTGA,6,11,17,9
T>A,TCTGC,11,18,14,12
T>A,TCTGG,21,15,14,8
T>A,TCTGT,19,23,22,9
T>A,TCTTA,30,23,32,10
T>A,TCTTC,22,22,22,11
T>A,TCTTG,21,20,23,18
T>A,TCTTT,34,35,38,21
T>A,TGTAA,3,0,0,3
T>A,TGTAC,0,2,3,0
T>A,TGTAG,4,5,2,0
T>A,TGTAT,4,1,1,2
T>A,TGTCA,1,1,5,2
T>A,TGTCC,4,2,2,2
T>A,TGTCG,0,1,0,0
T>A,TGTCT,26,22,29,14
T>A,TGTGA,3,1,1,3
T>A,TGTGC,3,0,1,0
T>A,TGTGG,1,3,2,4
T>A,TGTGT,1,1,0,1
T>A,TGTTA,3,0,1,0
T>A,TGTTC,1,0,1,0
T>A,TGTTG,1,1,1,1
T>A,TGTTT,1,4,1,1
T>A,TTTAA,8,14,4,6
T>A,TTTAC,5,5,3,2
T>A,TTTAG,6,4,2,1
T>A,TTTAT,11,10,4,4
T>A,TTTCA,3,2,4,0
T>A,TTTCC,2,1,2,0
T>A,TTTCG,0,0,0,0
T>A,TTTCT,4,4,1,0
T>A,TTTGA,2,1,3,1
T>A,TTTGC,0,1,0,1
T>A,TTTGG,3,5,2,1
T>A,TTTGT,4,1,4,2
T>A,TTTTA,3,1,1,2
T>A,TTTTC,2,2,2,1
T>A,TTTTG,5,0,2,1
T>A,TTTTT,0,0,0,0
T>C,AATAA,2,3,5,2
T>C,AATAC,3,0,4,1
T>C,AATAG,3,1,2,6
T>C,AATAT,4,2,0,4
T>C,AATCA,5,2,1,1
T>C,AATCC,0,0,1,1
T>C,AATCG,0,0,0,1
T>C,AATCT,7,8,9,0
T>C,AATGA,3,4,0,1
T>C,AATGC,2,1,2,0
T>C,AATGG,1,2,1,2
T>C,AATGT,5,0,0,0
T>C,AATTA,2,2,2,1
T>C,AATTC,2,5,0,1
T>C,AATTG,1,0,1,0
T>C,AATTT,2,2,2,2
T>C,ACTAA,3,1,0,1
T>C,ACTAC,3,2,5,2
T>C,ACTAG,3,3,3,1
T>C,ACTAT,1,4,4,3
T>C,ACTCA,1,2,3,2
T>C,ACTCC,1,3,1,1
T>C,ACTCG,0,0,1,1
T>C,ACTCT,2,2,1,2
T>C,ACTGA,1,4,3,0
T>C,ACTGC,2,3,2,1
T>C,ACTGG,3,6,4,6
T>C,ACTGT,1,2,2,1
T>C,ACTTA,10,5,2,2
T>C,ACTTC,4,8,5,2
T>C,ACTTG,7,5,7,4
T>C,ACTTT,4,2,6,2
T>C,AGTAA,1,2,0,0
T>C,AGTAC,1,0,1,0
T>C,AGTAG,2,1,1,2
T>C,AGTAT,1,2,2,0
T>C,AGTCA,5,8,12,16
T>C,AGTCC,2,2,2,0
T>C,AGTCG,3,2,1,1
T>C,AGTCT,2,11,7,0
T>C,AGTGA,1,1,1,1
T>C,AGTGC,1,0,0,0
T>C,AGTGG,1,1,1,0
T>C,AGTGT,1,1,0,2
T>C,AGTTA,2,2,0,0
T>C,AGTTC,0,1,2,1
T>C,AGTTG,1,2,0,2
T>C,AGTTT,2,2,0,1
T>C,ATTAA,1,1,2,0
T>C,ATTAC,0,0,1,1
T>C,ATTAG,1,3,0,2
T>C,ATTAT,5,3,2,1
T>C,ATTCA,1,0,1,1
T>C,ATTCC,0,0,2,1
T>C,ATTCG,0,0,0,0
T>C,ATTCT,2,1,2,2
T>C,ATTGA,1,1,2,1
T>C,ATTGC,0,0,1,0
T>C,ATTGG,1,1,0,0
T>C,ATTGT,1,0,0,1
T>C,ATTTA,1,1,0,0
T>C,ATTTC,2,0,1,0
T>C,ATTTG,0,0,1,0
T>C,ATTTT,3,0,1,1
T>C,CATAA,2,1,1,4
T>C,CATAC,4,0,0,1
T>C,CATAG,2,2,0,2
T>C,CATAT,3,2,0,0
T>C,CATCA,2,1,1,1
T>C,CATCC,1,4,4,4
T>C,CATCG,0,1,1,0
T>C,CATCT,4,4,5,0
T>C,CATGA,0,1,1,0
T>C,CATGC,0,1,1,1
T>C,CATGG,2,2,0,1
T>C,CATGT,1,3,4,2
T>C,CATTA,1,2,0,0
T>C,CATTC,1,0,0,2
T>C,CATTG,2,1,1,2
T>C,CATTT,1,3,1,0
T>C,CCTAA,3,5,6,2
T>C,CCTAC,3,3,3,4
T>C,CCTAG,2,5,3,0
T>C,CCTAT,5,8,4,1
T>C,CCTCA,13,14,14,6
T>C,CCTCC,12,8,17,9
T>C,CCTCG,1,0,2,3
T>C,CCTCT,8,7,12,8
T>C,CCTGA,8,5,4,3
T>C,CCTGC,9,1,7,1
T>C,CCTGG,7,3,6,4
T>C,CCTGT,5,3,5,6
T>C,CCTTA,4,9,5,4
T>C,CCTTC,9,8,5,9
T>C,CCTTG,10,7,3,6
T>C,CCTTT,10,11,9,3
T>C,CGTAA,0,0,0,0
T>C,CGTAC,0,0,0,1
T>C,CGTAG,0,1,0,0
T>C,CGTAT,0,0,0,0
T>C,CGTCA,1,3,0,2
T>C,CGTCC,1,0,1,1
T>C,CGTCG,0,1,0,3
T>C,CGTCT,0,1,2,2
T>C,CGTGA,1,0,0,0
T>C,CGTGC,1,0,0,0
T>C,CGTGG,0,0,0,0
T>C,CGTGT,0,0,0,0
T>C,CGTTA,0,0,0,0
T>C,CGTTC,0,0,1,0
T>C,CGTTG,0,0,0,0
T>C,CGTTT,0,0,0,0
T>C,CTTAA,2,2,2,1
T>C,CTTAC,0,0,1,0
T>C,CTTAG,1,3,3,1
T>C,CTTAT,4,4,5,3
T>C,CTTCA,0,2,2,2
T>C,CTTCC,1,1,2,2
T>C,CTTCG,0,0,0,0
T>C,CTTCT,3,5,7,1
T>C,CTTGA,2,2,0,1
T>C,CTTGC,3,0,0,2
T>C,CTTGG,0,2,0,1
T>C,CTTGT,1,1,0,0
T>C,CTTTA,4,1,2,1
T>C,CTTTC,0,2,2,3
T>C,CTTTG,0,3,2,0
T>C,CTTTT,1,2,0,1
T>C,GATAA,2,2,0,1
T>C,GATAC,0,1,2,0
T>C,GATAG,3,3,1,0
T>C,GATAT,1,2,2,0
T>C,GATCA,1,2,2,1
T>C,GATCC,1,0,1,3
T>C,GATCG,0,0,0,0
T>C,GATCT,5,4,4,4
T>C,GATGA,2,0,2,2
T>C,GATGC,2,0,0,1
T>C,GATGG,3,1,0,2
T>C,GATGT,0,2,3,1
T>C,GATTA,1,2,1,1
T>C,GATTC,2,1,1,0
T>C,GATTG,1,0,0,1
T>C,GATTT,0,1,0,2
T>C,GCTAA,1,1,1,0
T>C,GCTAC,0,2,0,0
T>C,GCTAG,4,1,0,2
T>C,GCTAT,3,0,0,0
T>C,GCTCA,0,0,1,2
T>C,GCTCC,0,0,1,1
T>C,GCTCG,0,0,0,1
T>C,GCTCT,1,1,0,0
T>C,GCTGA,1,0,1,0
T>C,GCTGC,0,2,0,0
T>C,GCTGG,2,2,5,2
T>C,GCTGT,0,1,0,0
T>C,GCTTA,1,5,9,3
T>C,GCTTC,2,4,5,3
T>C,GCTTG,3,8,3,2
T>C,GCTTT,1,3,2,0
T>C,GGTAA,2,1,1,2
T>C,GGTAC,0,0,1,1
T>C,GGTAG,2,2,0,1
T>C,GGTAT,1,4,0,0
T>C,GGTCA,7,13,10,16
T>C,GGTCC,1,0,1,1
T>C,GGTCG,3,0,1,7
T>C,GGTCT,3,5,12,8
T>C,GGTGA,2,1,1,0
T>C,GGTGC,0,0,0,2
T>C,GGTGG,3,1,2,4
T>C,GGTGT,1,1,1,0
T>C,GGTTA,0,0,0,0
T>C,GGTTC,1,0,0,0
T>C,GGTTG,0,0,2,0
T>C,GGTTT,0,1,1,0
T>C,GTTAA,1,1,0,0
T>C,GTTAC,1,0,0,1
T>C,GTTAG,0,1,2,0
T>C,GTTAT,3,2,1,2
T>C,GTTCA,0,0,0,0
T>C,GTTCC,0,2,1,0
T>C,GTTCG,0,0,0,0
T>C,GTTCT,8,8,5,0
T>C,GTTGA,1,0,0,0
T>C,GTTGC,0,1,0,0
T>C,GTTGG,0,0,0,2
T>C,GTTGT,1,0,1,1
T>C,GTTTA,0,0,1,0
T>C,GTTTC,0,0,1,0
T>C,GTTTG,2,0,1,2
T>C,GTTTT,1,1,1,1
T>C,TATAA,1,0,2,1
T>C,TATAC,1,2,0,1
T>C,TATAG,4,0,4,3
T>C,TATAT,7,5,1,2
T>C,TATCA,1,1,1,0
T>C,TATCC,2,1,1,0
T>C,TATCG,0,1,1,0
T>C,TATCT,7,7,1,1
T>C,TATGA,0,0,0,4
T>C,TATGC,0,2,0,1
T>C,TATGG,0,2,2,0
T>C,TATGT,2,1,2,0
T>C,TATTA,1,2,1,0
T>C,TATTC,1,2,2,1
T>C,TATTG,2,2,3,2
T>C,TATTT,5,3,3,3
T>C,TCTAA,8,5,5,0
T>C,TCTAC,5,5,7,0
T>C,TCTAG,9,1,10,2
T>C,TCTAT,6,8,5,2
T>C,TCTCA,4,6,10,13
T>C,TCTCC,9,12,12,7
T>C,TCTCG,0,0,0,2
T>C,TCTCT,13,13,10,3
T>C,TCTGA,5,2,2,5
T>C,TCTGC,5,4,9,8
T>C,TCTGG,4,12,9,5
T>C,TCTGT,11,11,7,2
T>C,TCTTA,13,12,9,1
T>C,TCTTC,12,8,15,9
T>C,TCTTG,11,5,11,8
T>C,TCTTT,12,9,15,8
T>C,TGTAA,4,1,2,0
T>C,TGTAC,0,1,1,4
T>C,TGTAG,4,3,1,1
T>C,TGTAT,2,1,2,1
T>C,TGTCA,10,20,9,8
T>C,TGTCC,2,1,2,2
T>C,TGTCG,1,1,1,1
T>C,TGTCT,9,9,14,2
T>C,TGTGA,1,1,1,3
T>C,TGTGC,2,0,0,1
T>C,TGTGG,1,0,4,0
T>C,TGTGT,0,2,0,1
T>C,TGTTA,2,3,1,2
T>C,TGTTC,1,6,2,1
T>C,TGTTG,1,3,0,5
T>C,TGTTT,3,1,0,0
T>C,TTTAA,2,6,6,0
T>C,TTTAC,2,4,2,3
T>C,TTTAG,2,3,6,2
T>C,TTTAT,6,8,7,7
T>C,TTTCA,4,4,1,1
T>C,TTTCC,3,3,2,2
T>C,TTTCG,2,0,0,0
T>C,TTTCT,3,8,9,4
T>C,TTTGA,3,3,1,2
T>C,TTTGC,0,3,1,0
T>C,TTTGG,1,3,1,1
T>C,TTTGT,0,2,3,2
T>C,TTTTA,0,1,1,0
T>C,TTTTC,3,1,4,1
T>C,TTTTG,2,1,1,0
T>C,TTTTT,0,0,0,0
T>G,AATAA,5,7,7,1
T>G,AATAC,1,2,0,2
T>G,AATAG,2,5,4,2
T>G,AATAT,5,1,0,1
T>G,AATCA,3,3,1,3
T>G,AATCC,1,1,1,3
T>G,AATCG,2,0,0,0
T>G,AATCT,3,1,2,2
T>G,AATGA,6,7,3,1
T>G,AATGC,0,0,2,1
T>G,AATGG,0,3,6,1
T>G,AATGT,3,1,3,0
T>G,AATTA,3,3,4,1
T>G,AATTC,1,1,2,0
T>G,AATTG,1,0,2,0
T>G,AATTT,2,2,3,2
T>G,ACTAA,3,2,3,3
T>G,ACTAC,0,1,1,0
T>G,ACTAG,2,2,1,1
T>G,ACTAT,1,2,2,0
T>G,ACTCA,1,1,1,2
T>G,ACTCC,2,3,2,2
T>G,ACTCG,0,0,1,0
T>G,ACTCT,3,3,0,1
T>G,ACTGA,4,3,6,0
T>G,ACTGC,3,0,6,1
T>G,ACTGG,3,1,5,2
T>G,ACTGT,1,4,1,1
T>G,ACTTA,2,1,5,2
T>G,ACTTC,1,1,1,1
T>G,ACTTG,4,1,6,0
T>G,ACTTT,3,4,6,1
T>G,AGTAA,2,0,2,0
T>G,AGTAC,1,2,0,0
T>G,AGTAG,1,2,3,1
T>G,AGTAT,1,1,1,0
T>G,AGTCA,9,4,2,5
T>G,AGTCC,2,0,5,3
T>G,AGTCG,0,1,1,4
T>G,AGTCT,11,8,12,6
T>G,AGTGA,1,3,2,3
T>G,AGTGC,1,0,1,1
T>G,AGTGG,1,5,1,4
T>G,AGTGT,1,3,1,1
T>G,AGTTA,1,1,1,1
T>G,AGTTC,1,3,1,2
T>G,AGTTG,0,1,0,2
T>G,AGTTT,1,5,1,1
T>G,ATTAA,7,7,5,2
T>G,ATTAC,4,3,2,0
T>G,ATTAG,3,1,1,1
T>G,ATTAT,4,6,1,2
T>G,ATTCA,1,0,1,1
T>G,ATTCC,0,1,0,1
T>G,ATTCG,0,0,0,0
T>G,ATTCT,3,3,0,1
T>G,ATTGA,1,6,0,4
T>G,ATTGC,0,4,2,0
T>G,ATTGG,0,0,1,3
T>G,ATTGT,3,0,0,0
T>G,ATTTA,5,3,3,6
T>G,ATTTC,1,2,1,1
T>G,ATTTG,3,3,0,0
T>G,ATTTT,4,2,6,4
T>G,CATAA,1,5,2,1
T>G,CATAC,1,1,1,0
T>G,CATAG,1,3,1,0
T>G,CATAT,1,1,0,0
T>G,CATCA,1,1,1,2
T>G,CATCC,0,1,1,1
T>G,CATCG,1,0,0,0
T>G,CATCT,3,2,1,0
T>G,CATGA,3,2,3,1
T>G,CATGC,1,1,1,1
T>G,CATGG,2,4,2,5
T>G,CATGT,3,0,2,0
T>G,CATTA,1,1,0,4
T>G,CATTC,1,2,4,0
T>G,CATTG,1,1,0,0
T>G,CATTT,5,2,2,0
T>G,CCTAA,4,3,2,2
T>G,CCTAC,0,2,0,0
T>G,CCTAG,2,2,0,1
T>G,CCTAT,2,2,0,2
T>G,CCTCA,3,0,1,1
T>G,CCTCC,2,2,6,2
T>G,CCTCG,0,0,0,0
T>G,CCTCT,4,4,2,4
T>G,CCTGA,2,3,0,0
T>G,CCTGC,1,0,1,2
T>G,CCTGG,2,6,2,6
T>G,CCTGT,2,2,1,0
T>G,CCTTA,1,0,3,0
T>G,CCTTC,5,3,4,1
T>G,CCTTG,0,0,1,3
T>G,CCTTT,3,2,1,1
T>G,CGTAA,0,0,0,1
T>G,CGTAC,0,0,0,0
T>G,CGTAG,0,0,0,0
T>G,CGTAT,0,0,0,0
T>G,CGTCA,1,2,0,0
T>G,CGTCC,0,0,0,0
T>G,CGTCG,0,0,0,0
T>G,CGTCT,1,0,0,1
T>G,CGTGA,0,0,0,0
T>G,CGTGC,0,0,0,1
T>G,CGTGG,1,0,0,0
T>G,CGTGT,0,2,0,1
T>G,CGTTA,0,0,0,0
T>G,CGTTC,0,0,0,0
T>G,CGTTG,1,0,0,0
T>G,CGTTT,0,0,0,0
T>G,CTTAA,2,2,1,1
T>G,CTTAC,0,1,2,2
T>G,CTTAG,2,2,0,1
T>G,CTTAT,0,2,4,1
T>G,CTTCA,3,1,0,1
T>G,CTTCC,2,1,0,0
T>G,CTTCG,1,0,0,0
T>G,CTTCT,0,5,3,3
T>G,CTTGA,4,4,4,2
T>G,CTTGC,0,1,3,2
T>G,CTTGG,4,4,3,2
T>G,CTTGT,2,2,2,2
T>G,CTTTA,1,3,3,3
T>G,CTTTC,2,3,0,3
T>G,CTTTG,2,1,2,0
T>G,CTTTT,3,2,2,1
T>G,GATAA,4,1,2,0
T>G,GATAC,0,5,1,1
T>G,GATAG,1,1,0,2
T>G,GATAT,1,1,1,1
T>G,GATCA,1,2,1,0
T>G,GATCC,0,0,0,0
T>G,GATCG,0,0,0,0
T>G,GATCT,1,1,1,1
T>G,GATGA,2,1,1,2
T>G,GATGC,0,2,0,0
T>G,GATGG,2,3,2,0
T>G,GATGT,1,0,0,1
T>G,GATTA,0,1,0,1
T>G,GATTC,1,0,0,0
T>G,GATTG,0,1,1,0
T>G,GATTT,1,1,1,0
T>G,GCTAA,1,2,1,3
T>G,GCTAC,2,1,2,1
T>G,GCTAG,0,0,0,0
T>G,GCTAT,1,0,1,0
T>G,GCTCA,0,0,1,0
T>G,GCTCC,0,3,0,0
T>G,GCTCG,0,0,0,1
T>G,GCTCT,1,3,2,1
T>G,GCTGA,2,2,1,6
T>G,GCTGC,1,1,0,0
T>G,GCTGG,2,5,4,2
T>G,GCTGT,1,3,0,0
T>G,GCTTA,1,0,1,0
T>G,GCTTC,1,0,1,0
T>G,GCTTG,0,2,0,0
T>G,GCTTT,1,0,1,1
T>G,GGTAA,0,2,0,0
T>G,GGTAC,0,1,0,1
T>G,GGTAG,0,0,1,0
T>G,GGTAT,0,0,0,0
T>G,GGTCA,3,3,5,0
T>G,GGTCC,1,2,0,3
T>G,GGTCG,0,0,0,1
T>G,GGTCT,7,11,8,2
T>G,GGTGA,0,3,1,3
T>G,GGTGC,1,2,1,0
T>G,GGTGG,10,15,13,25
T>G,GGTGT,0,2,2,0
T>G,GGTTA,1,1,1,0
T>G,GGTTC,1,2,1,1
T>G,GGTTG,1,1,1,1
T>G,GGTTT,1,1,0,0
T>G,GTTAA,2,2,1,0
T>G,GTTAC,0,1,1,0
T>G,GTTAG,0,1,1,0
T>G,GTTAT,2,1,0,0
T>G,GTTCA,3,0,2,2
T>G,GTTCC,1,0,1,0
T>G,GTTCG,0,0,0,0
T>G,GTTCT,3,4,1,2
T>G,GTTGA,1,2,3,1
T>G,GTTGC,1,0,1,2
T>G,GTTGG,0,0,3,0
T>G,GTTGT,2,2,0,0
T>G,GTTTA,3,3,3,1
T>G,GTTTC,0,0,3,0
T>G,GTTTG,1,2,2,0
T>G,GTTTT,0,1,1,0
T>G,TATAA,0,5,2,6
T>G,TATAC,0,0,1,0
T>G,TATAG,1,2,0,0
T>G,TATAT,2,3,2,2
T>G,TATCA,2,2,0,1
T>G,TATCC,1,1,0,0
T>G,TATCG,0,0,0,0
T>G,TATCT,1,2,3,3
T>G,TATGA,1,2,1,0
T>G,TATGC,0,3,0,0
T>G,TATGG,3,3,0,1
T>G,TATGT,0,0,2,0
T>G,TATTA,1,1,0,0
T>G,TATTC,0,1,0,0
T>G,TATTG,0,1,1,0
T>G,TATTT,2,1,1,1
T>G,TCTAA,3,1,1,1
T>G,TCTAC,2,0,0,2
T>G,TCTAG,4,0,3,1
T>G,TCTAT,2,7,1,0
T>G,TCTCA,1,3,3,1
T>G,TCTCC,0,3,2,1
T>G,TCTCG,0,1,1,0
T>G,TCTCT,4,4,4,2
T>G,TCTGA,5,3,1,1
T>G,TCTGC,3,1,0,3
T>G,TCTGG,4,2,3,2
T>G,TCTGT,0,2,4,3
T>G,TCTTA,1,3,1,1
T>G,TCTTC,0,0,0,0
T>G,TCTTG,1,0,1,1
T>G,TCTTT,1,5,1,0
T>G,TGTAA,1,1,3,1
T>G,TGTAC,0,1,0,0
T>G,TGTAG,1,0,1,1
T>G,TGTAT,3,0,2,0
T>G,TGTCA,1,2,4,2
T>G,TGTCC,0,2,1,1
T>G,TGTCG,1,0,1,0
T>G,TGTCT,5,7,11,3
T>G,TGTGA,3,4,0,0
T>G,TGTGC,0,1,2,2
T>G,TGTGG,6,4,7,2
T>G,TGTGT,1,2,4,0
T>G,TGTTA,2,2,0,0
T>G,TGTTC,3,1,0,1
T>G,TGTTG,3,0,2,0
T>G,TGTTT,2,0,2,4
T>G,TTTAA,8,5,2,2
T>G,TTTAC,4,1,2,1
T>G,TTTAG,0,2,0,0
T>G,TTTAT,7,5,4,0
T>G,TTTCA,5,3,1,0
T>G,TTTCC,1,4,1,2
T>G,TTTCG,0,0,0,0
T>G,TTTCT,4,4,5,3
T>G,TTTGA,1,4,3,3
T>G,TTTGC,4,1,7,1
T>G,TTTGG,2,3,7,4
T>G,TTTGT,7,7,7,2
T>G,TTTTA,2,4,3,1
T>G,TTTTC,1,4,4,2
T>G,TTTTG,1,7,3,2
T>G,TTTTT,0,0,0,0
