Mutation type,Pentanucleotide,MCF10A_Carb_Low_cl2_Strelka_SNS
C>A,AACAA,14
C>A,AACAC,6
C>A,AACAG,5
C>A,AACAT,8
C>A,AACCA,16
C>A,AACCC,37
C>A,AACCG,3
C>A,AACCT,53
C>A,AACGA,0
C>A,AACGC,1
C>A,AACGG,0
C>A,AACGT,0
C>A,AACTA,9
C>A,AACTC,10
C>A,AACTG,13
C>A,AACTT,8
C>A,ACCAA,13
C>A,ACCAC,8
C>A,ACCAG,7
C>A,ACCAT,8
C>A,ACCCA,6
C>A,ACCCC,8
C>A,ACCCG,4
C>A,ACCCT,16
C>A,ACCGA,0
C>A,ACCGC,0
C>A,ACCGG,0
C>A,ACCGT,0
C>A,ACCTA,9
C>A,ACCTC,13
C>A,ACCTG,21
C>A,ACCTT,27
C>A,AGCAA,43
C>A,AGCAC,29
C>A,AGCAG,36
C>A,AGCAT,46
C>A,AGCCA,91
C>A,AGCCC,59
C>A,AGCCG,7
C>A,AGCCT,122
C>A,AGCGA,0
C>A,AGCGC,0
C>A,AGCGG,0
C>A,AGCGT,0
C>A,AGCTA,9
C>A,AGCTC,7
C>A,AGCTG,11
C>A,AGCTT,22
C>A,ATCAA,8
C>A,ATCAC,5
C>A,ATCAG,9
C>A,ATCAT,10
C>A,ATCCA,12
C>A,ATCCC,4
C>A,ATCCG,0
C>A,ATCCT,13
C>A,ATCGA,1
C>A,ATCGC,1
C>A,ATCGG,0
C>A,ATCGT,1
C>A,ATCTA,12
C>A,ATCTC,8
C>A,ATCTG,14
C>A,ATCTT,10
C>A,CACAA,9
C>A,CACAC,3
C>A,CACAG,6
C>A,CACAT,7
C>A,CACCA,9
C>A,CACCC,26
C>A,CACCG,0
C>A,CACCT,30
C>A,CACGA,0
C>A,CACGC,0
C>A,CACGG,0
C>A,CACGT,0
C>A,CACTA,5
C>A,CACTC,9
C>A,CACTG,9
C>A,CACTT,11
C>A,CCCAA,16
C>A,CCCAC,12
C>A,CCCAG,24
C>A,CCCAT,10
C>A,CCCCA,13
C>A,CCCCC,0
C>A,CCCCG,0
C>A,CCCCT,4
C>A,CCCGA,0
C>A,CCCGC,1
C>A,CCCGG,3
C>A,CCCGT,2
C>A,CCCTA,13
C>A,CCCTC,10
C>A,CCCTG,14
C>A,CCCTT,25
C>A,CGCAA,0
C>A,CGCAC,2
C>A,CGCAG,1
C>A,CGCAT,1
C>A,CGCCA,8
C>A,CGCCC,8
C>A,CGCCG,1
C>A,CGCCT,27
C>A,CGCGA,0
C>A,CGCGC,0
C>A,CGCGG,0
C>A,CGCGT,0
C>A,CGCTA,0
C>A,CGCTC,0
C>A,CGCTG,3
C>A,CGCTT,2
C>A,CTCAA,7
C>A,CTCAC,5
C>A,CTCAG,6
C>A,CTCAT,6
C>A,CTCCA,3
C>A,CTCCC,8
C>A,CTCCG,1
C>A,CTCCT,31
C>A,CTCGA,0
C>A,CTCGC,2
C>A,CTCGG,0
C>A,CTCGT,0
C>A,CTCTA,7
C>A,CTCTC,1
C>A,CTCTG,13
C>A,CTCTT,16
C>A,GACAA,8
C>A,GACAC,3
C>A,GACAG,3
C>A,GACAT,4
C>A,GACCA,3
C>A,GACCC,8
C>A,GACCG,0
C>A,GACCT,9
C>A,GACGA,0
C>A,GACGC,1
C>A,GACGG,2
C>A,GACGT,0
C>A,GACTA,2
C>A,GACTC,2
C>A,GACTG,1
C>A,GACTT,9
C>A,GCCAA,5
C>A,GCCAC,1
C>A,GCCAG,6
C>A,GCCAT,5
C>A,GCCCA,6
C>A,GCCCC,1
C>A,GCCCG,2
C>A,GCCCT,4
C>A,GCCGA,1
C>A,GCCGC,0
C>A,GCCGG,0
C>A,GCCGT,0
C>A,GCCTA,4
C>A,GCCTC,7
C>A,GCCTG,11
C>A,GCCTT,9
C>A,GGCAA,24
C>A,GGCAC,7
C>A,GGCAG,14
C>A,GGCAT,9
C>A,GGCCA,12
C>A,GGCCC,17
C>A,GGCCG,0
C>A,GGCCT,29
C>A,GGCGA,0
C>A,GGCGC,1
C>A,GGCGG,1
C>A,GGCGT,1
C>A,GGCTA,11
C>A,GGCTC,4
C>A,GGCTG,13
C>A,GGCTT,9
C>A,GTCAA,4
C>A,GTCAC,4
C>A,GTCAG,3
C>A,GTCAT,5
C>A,GTCCA,6
C>A,GTCCC,3
C>A,GTCCG,0
C>A,GTCCT,10
C>A,GTCGA,1
C>A,GTCGC,0
C>A,GTCGG,0
C>A,GTCGT,0
C>A,GTCTA,10
C>A,GTCTC,8
C>A,GTCTG,4
C>A,GTCTT,9
C>A,TACAA,7
C>A,TACAC,7
C>A,TACAG,3
C>A,TACAT,5
C>A,TACCA,6
C>A,TACCC,23
C>A,TACCG,1
C>A,TACCT,23
C>A,TACGA,0
C>A,TACGC,1
C>A,TACGG,1
C>A,TACGT,1
C>A,TACTA,7
C>A,TACTC,7
C>A,TACTG,9
C>A,TACTT,5
C>A,TCCAA,16
C>A,TCCAC,14
C>A,TCCAG,15
C>A,TCCAT,24
C>A,TCCCA,11
C>A,TCCCC,7
C>A,TCCCG,1
C>A,TCCCT,6
C>A,TCCGA,1
C>A,TCCGC,1
C>A,TCCGG,0
C>A,TCCGT,2
C>A,TCCTA,11
C>A,TCCTC,7
C>A,TCCTG,14
C>A,TCCTT,37
C>A,TGCAA,16
C>A,TGCAC,9
C>A,TGCAG,20
C>A,TGCAT,10
C>A,TGCCA,48
C>A,TGCCC,54
C>A,TGCCG,2
C>A,TGCCT,85
C>A,TGCGA,2
C>A,TGCGC,0
C>A,TGCGG,2
C>A,TGCGT,1
C>A,TGCTA,10
C>A,TGCTC,3
C>A,TGCTG,7
C>A,TGCTT,16
C>A,TTCAA,10
C>A,TTCAC,8
C>A,TTCAG,7
C>A,TTCAT,12
C>A,TTCCA,10
C>A,TTCCC,11
C>A,TTCCG,1
C>A,TTCCT,12
C>A,TTCGA,0
C>A,TTCGC,0
C>A,TTCGG,1
C>A,TTCGT,1
C>A,TTCTA,12
C>A,TTCTC,12
C>A,TTCTG,8
C>A,TTCTT,23
C>G,AACAA,4
C>G,AACAC,4
C>G,AACAG,4
C>G,AACAT,5
C>G,AACCA,7
C>G,AACCC,1
C>G,AACCG,0
C>G,AACCT,4
C>G,AACGA,0
C>G,AACGC,0
C>G,AACGG,0
C>G,AACGT,1
C>G,AACTA,6
C>G,AACTC,4
C>G,AACTG,3
C>G,AACTT,5
C>G,ACCAA,0
C>G,ACCAC,1
C>G,ACCAG,1
C>G,ACCAT,0
C>G,ACCCA,1
C>G,ACCCC,3
C>G,ACCCG,0
C>G,ACCCT,4
C>G,ACCGA,1
C>G,ACCGC,0
C>G,ACCGG,1
C>G,ACCGT,1
C>G,ACCTA,4
C>G,ACCTC,2
C>G,ACCTG,6
C>G,ACCTT,3
C>G,AGCAA,8
C>G,AGCAC,4
C>G,AGCAG,7
C>G,AGCAT,5
C>G,AGCCA,88
C>G,AGCCC,45
C>G,AGCCG,5
C>G,AGCCT,75
C>G,AGCGA,0
C>G,AGCGC,0
C>G,AGCGG,1
C>G,AGCGT,1
C>G,AGCTA,12
C>G,AGCTC,20
C>G,AGCTG,21
C>G,AGCTT,23
C>G,ATCAA,10
C>G,ATCAC,3
C>G,ATCAG,6
C>G,ATCAT,4
C>G,ATCCA,2
C>G,ATCCC,1
C>G,ATCCG,0
C>G,ATCCT,4
C>G,ATCGA,1
C>G,ATCGC,0
C>G,ATCGG,0
C>G,ATCGT,0
C>G,ATCTA,11
C>G,ATCTC,7
C>G,ATCTG,36
C>G,ATCTT,19
C>G,CACAA,6
C>G,CACAC,1
C>G,CACAG,6
C>G,CACAT,1
C>G,CACCA,3
C>G,CACCC,4
C>G,CACCG,0
C>G,CACCT,6
C>G,CACGA,1
C>G,CACGC,0
C>G,CACGG,1
C>G,CACGT,0
C>G,CACTA,5
C>G,CACTC,5
C>G,CACTG,4
C>G,CACTT,11
C>G,CCCAA,4
C>G,CCCAC,2
C>G,CCCAG,5
C>G,CCCAT,3
C>G,CCCCA,4
C>G,CCCCC,0
C>G,CCCCG,0
C>G,CCCCT,2
C>G,CCCGA,0
C>G,CCCGC,0
C>G,CCCGG,0
C>G,CCCGT,1
C>G,CCCTA,3
C>G,CCCTC,7
C>G,CCCTG,4
C>G,CCCTT,10
C>G,CGCAA,0
C>G,CGCAC,0
C>G,CGCAG,1
C>G,CGCAT,0
C>G,CGCCA,2
C>G,CGCCC,1
C>G,CGCCG,0
C>G,CGCCT,4
C>G,CGCGA,0
C>G,CGCGC,0
C>G,CGCGG,0
C>G,CGCGT,0
C>G,CGCTA,1
C>G,CGCTC,0
C>G,CGCTG,1
C>G,CGCTT,2
C>G,CTCAA,15
C>G,CTCAC,4
C>G,CTCAG,16
C>G,CTCAT,4
C>G,CTCCA,5
C>G,CTCCC,3
C>G,CTCCG,0
C>G,CTCCT,4
C>G,CTCGA,5
C>G,CTCGC,0
C>G,CTCGG,1
C>G,CTCGT,0
C>G,CTCTA,12
C>G,CTCTC,8
C>G,CTCTG,26
C>G,CTCTT,15
C>G,GACAA,2
C>G,GACAC,1
C>G,GACAG,4
C>G,GACAT,4
C>G,GACCA,0
C>G,GACCC,0
C>G,GACCG,0
C>G,GACCT,1
C>G,GACGA,0
C>G,GACGC,0
C>G,GACGG,0
C>G,GACGT,0
C>G,GACTA,1
C>G,GACTC,5
C>G,GACTG,5
C>G,GACTT,5
C>G,GCCAA,4
C>G,GCCAC,0
C>G,GCCAG,3
C>G,GCCAT,2
C>G,GCCCA,2
C>G,GCCCC,1
C>G,GCCCG,0
C>G,GCCCT,1
C>G,GCCGA,0
C>G,GCCGC,0
C>G,GCCGG,1
C>G,GCCGT,0
C>G,GCCTA,2
C>G,GCCTC,3
C>G,GCCTG,4
C>G,GCCTT,1
C>G,GGCAA,1
C>G,GGCAC,2
C>G,GGCAG,1
C>G,GGCAT,1
C>G,GGCCA,27
C>G,GGCCC,11
C>G,GGCCG,2
C>G,GGCCT,17
C>G,GGCGA,0
C>G,GGCGC,0
C>G,GGCGG,2
C>G,GGCGT,0
C>G,GGCTA,3
C>G,GGCTC,3
C>G,GGCTG,8
C>G,GGCTT,8
C>G,GTCAA,4
C>G,GTCAC,0
C>G,GTCAG,5
C>G,GTCAT,2
C>G,GTCCA,5
C>G,GTCCC,3
C>G,GTCCG,0
C>G,GTCCT,1
C>G,GTCGA,1
C>G,GTCGC,0
C>G,GTCGG,1
C>G,GTCGT,1
C>G,GTCTA,6
C>G,GTCTC,2
C>G,GTCTG,15
C>G,GTCTT,3
C>G,TACAA,0
C>G,TACAC,0
C>G,TACAG,3
C>G,TACAT,0
C>G,TACCA,2
C>G,TACCC,2
C>G,TACCG,1
C>G,TACCT,0
C>G,TACGA,0
C>G,TACGC,0
C>G,TACGG,0
C>G,TACGT,2
C>G,TACTA,2
C>G,TACTC,3
C>G,TACTG,5
C>G,TACTT,3
C>G,TCCAA,1
C>G,TCCAC,1
C>G,TCCAG,1
C>G,TCCAT,2
C>G,TCCCA,10
C>G,TCCCC,3
C>G,TCCCG,0
C>G,TCCCT,4
C>G,TCCGA,0
C>G,TCCGC,0
C>G,TCCGG,1
C>G,TCCGT,1
C>G,TCCTA,0
C>G,TCCTC,5
C>G,TCCTG,6
C>G,TCCTT,6
C>G,TGCAA,2
C>G,TGCAC,1
C>G,TGCAG,6
C>G,TGCAT,2
C>G,TGCCA,17
C>G,TGCCC,7
C>G,TGCCG,1
C>G,TGCCT,8
C>G,TGCGA,0
C>G,TGCGC,0
C>G,TGCGG,0
C>G,TGCGT,1
C>G,TGCTA,7
C>G,TGCTC,3
C>G,TGCTG,3
C>G,TGCTT,5
C>G,TTCAA,13
C>G,TTCAC,1
C>G,TTCAG,4
C>G,TTCAT,6
C>G,TTCCA,3
C>G,TTCCC,5
C>G,TTCCG,0
C>G,TTCCT,5
C>G,TTCGA,1
C>G,TTCGC,0
C>G,TTCGG,0
C>G,TTCGT,0
C>G,TTCTA,11
C>G,TTCTC,6
C>G,TTCTG,25
C>G,TTCTT,19
C>T,AACAA,4
C>T,AACAC,3
C>T,AACAG,3
C>T,AACAT,11
C>T,AACCA,2
C>T,AACCC,5
C>T,AACCG,0
C>T,AACCT,3
C>T,AACGA,1
C>T,AACGC,1
C>T,AACGG,0
C>T,AACGT,2
C>T,AACTA,2
C>T,AACTC,5
C>T,AACTG,5
C>T,AACTT,5
C>T,ACCAA,4
C>T,ACCAC,4
C>T,ACCAG,9
C>T,ACCAT,7
C>T,ACCCA,20
C>T,ACCCC,10
C>T,ACCCG,2
C>T,ACCCT,14
C>T,ACCGA,0
C>T,ACCGC,2
C>T,ACCGG,1
C>T,ACCGT,2
C>T,ACCTA,7
C>T,ACCTC,19
C>T,ACCTG,20
C>T,ACCTT,22
C>T,AGCAA,20
C>T,AGCAC,12
C>T,AGCAG,17
C>T,AGCAT,18
C>T,AGCCA,31
C>T,AGCCC,15
C>T,AGCCG,4
C>T,AGCCT,41
C>T,AGCGA,2
C>T,AGCGC,1
C>T,AGCGG,2
C>T,AGCGT,1
C>T,AGCTA,7
C>T,AGCTC,8
C>T,AGCTG,4
C>T,AGCTT,18
C>T,ATCAA,4
C>T,ATCAC,1
C>T,ATCAG,7
C>T,ATCAT,6
C>T,ATCCA,2
C>T,ATCCC,7
C>T,ATCCG,1
C>T,ATCCT,10
C>T,ATCGA,2
C>T,ATCGC,1
C>T,ATCGG,2
C>T,ATCGT,3
C>T,ATCTA,5
C>T,ATCTC,8
C>T,ATCTG,8
C>T,ATCTT,16
C>T,CACAA,2
C>T,CACAC,3
C>T,CACAG,3
C>T,CACAT,4
C>T,CACCA,2
C>T,CACCC,2
C>T,CACCG,1
C>T,CACCT,3
C>T,CACGA,1
C>T,CACGC,5
C>T,CACGG,1
C>T,CACGT,2
C>T,CACTA,5
C>T,CACTC,3
C>T,CACTG,7
C>T,CACTT,4
C>T,CCCAA,10
C>T,CCCAC,13
C>T,CCCAG,20
C>T,CCCAT,18
C>T,CCCCA,69
C>T,CCCCC,0
C>T,CCCCG,13
C>T,CCCCT,61
C>T,CCCGA,3
C>T,CCCGC,6
C>T,CCCGG,3
C>T,CCCGT,5
C>T,CCCTA,12
C>T,CCCTC,47
C>T,CCCTG,16
C>T,CCCTT,59
C>T,CGCAA,0
C>T,CGCAC,1
C>T,CGCAG,3
C>T,CGCAT,1
C>T,CGCCA,1
C>T,CGCCC,3
C>T,CGCCG,2
C>T,CGCCT,2
C>T,CGCGA,0
C>T,CGCGC,0
C>T,CGCGG,1
C>T,CGCGT,0
C>T,CGCTA,1
C>T,CGCTC,0
C>T,CGCTG,0
C>T,CGCTT,3
C>T,CTCAA,3
C>T,CTCAC,8
C>T,CTCAG,14
C>T,CTCAT,9
C>T,CTCCA,9
C>T,CTCCC,12
C>T,CTCCG,2
C>T,CTCCT,26
C>T,CTCGA,5
C>T,CTCGC,1
C>T,CTCGG,3
C>T,CTCGT,4
C>T,CTCTA,7
C>T,CTCTC,8
C>T,CTCTG,17
C>T,CTCTT,27
C>T,GACAA,2
C>T,GACAC,1
C>T,GACAG,2
C>T,GACAT,4
C>T,GACCA,3
C>T,GACCC,2
C>T,GACCG,0
C>T,GACCT,2
C>T,GACGA,1
C>T,GACGC,2
C>T,GACGG,0
C>T,GACGT,0
C>T,GACTA,2
C>T,GACTC,2
C>T,GACTG,3
C>T,GACTT,3
C>T,GCCAA,4
C>T,GCCAC,2
C>T,GCCAG,6
C>T,GCCAT,3
C>T,GCCCA,5
C>T,GCCCC,2
C>T,GCCCG,0
C>T,GCCCT,2
C>T,GCCGA,2
C>T,GCCGC,3
C>T,GCCGG,1
C>T,GCCGT,2
C>T,GCCTA,2
C>T,GCCTC,8
C>T,GCCTG,3
C>T,GCCTT,4
C>T,GGCAA,5
C>T,GGCAC,4
C>T,GGCAG,11
C>T,GGCAT,7
C>T,GGCCA,6
C>T,GGCCC,2
C>T,GGCCG,1
C>T,GGCCT,11
C>T,GGCGA,1
C>T,GGCGC,4
C>T,GGCGG,3
C>T,GGCGT,2
C>T,GGCTA,4
C>T,GGCTC,3
C>T,GGCTG,6
C>T,GGCTT,11
C>T,GTCAA,0
C>T,GTCAC,3
C>T,GTCAG,5
C>T,GTCAT,3
C>T,GTCCA,3
C>T,GTCCC,6
C>T,GTCCG,0
C>T,GTCCT,14
C>T,GTCGA,0
C>T,GTCGC,0
C>T,GTCGG,1
C>T,GTCGT,2
C>T,GTCTA,3
C>T,GTCTC,3
C>T,GTCTG,2
C>T,GTCTT,22
C>T,TACAA,3
C>T,TACAC,1
C>T,TACAG,3
C>T,TACAT,7
C>T,TACCA,5
C>T,TACCC,3
C>T,TACCG,0
C>T,TACCT,0
C>T,TACGA,0
C>T,TACGC,0
C>T,TACGG,1
C>T,TACGT,2
C>T,TACTA,5
C>T,TACTC,3
C>T,TACTG,1
C>T,TACTT,4
C>T,TCCAA,16
C>T,TCCAC,36
C>T,TCCAG,20
C>T,TCCAT,33
C>T,TCCCA,140
C>T,TCCCC,98
C>T,TCCCG,13
C>T,TCCCT,134
C>T,TCCGA,6
C>T,TCCGC,6
C>T,TCCGG,7
C>T,TCCGT,14
C>T,TCCTA,72
C>T,TCCTC,108
C>T,TCCTG,96
C>T,TCCTT,116
C>T,TGCAA,10
C>T,TGCAC,10
C>T,TGCAG,13
C>T,TGCAT,18
C>T,TGCCA,14
C>T,TGCCC,10
C>T,TGCCG,1
C>T,TGCCT,25
C>T,TGCGA,3
C>T,TGCGC,2
C>T,TGCGG,1
C>T,TGCGT,0
C>T,TGCTA,12
C>T,TGCTC,9
C>T,TGCTG,12
C>T,TGCTT,20
C>T,TTCAA,4
C>T,TTCAC,6
C>T,TTCAG,20
C>T,TTCAT,12
C>T,TTCCA,10
C>T,TTCCC,16
C>T,TTCCG,3
C>T,TTCCT,13
C>T,TTCGA,2
C>T,TTCGC,0
C>T,TTCGG,3
C>T,TTCGT,3
C>T,TTCTA,9
C>T,TTCTC,18
C>T,TTCTG,19
C>T,TTCTT,27
T>A,AATAA,10
T>A,AATAC,5
T>A,AATAG,10
T>A,AATAT,4
T>A,AATCA,4
T>A,AATCC,10
T>A,AATCG,1
T>A,AATCT,34
T>A,AATGA,2
T>A,AATGC,2
T>A,AATGG,2
T>A,AATGT,7
T>A,AATTA,11
T>A,AATTC,5
T>A,AATTG,6
T>A,AATTT,4
T>A,ACTAA,49
T>A,ACTAC,30
T>A,ACTAG,58
T>A,ACTAT,53
T>A,ACTCA,39
T>A,ACTCC,22
T>A,ACTCG,5
T>A,ACTCT,28
T>A,ACTGA,55
T>A,ACTGC,35
T>A,ACTGG,47
T>A,ACTGT,39
T>A,ACTTA,49
T>A,ACTTC,13
T>A,ACTTG,47
T>A,ACTTT,39
T>A,AGTAA,2
T>A,AGTAC,1
T>A,AGTAG,1
T>A,AGTAT,0
T>A,AGTCA,3
T>A,AGTCC,3
T>A,AGTCG,0
T>A,AGTCT,12
T>A,AGTGA,2
T>A,AGTGC,2
T>A,AGTGG,3
T>A,AGTGT,2
T>A,AGTTA,0
T>A,AGTTC,6
T>A,AGTTG,1
T>A,AGTTT,2
T>A,ATTAA,4
T>A,ATTAC,1
T>A,ATTAG,2
T>A,ATTAT,4
T>A,ATTCA,3
T>A,ATTCC,1
T>A,ATTCG,0
T>A,ATTCT,4
T>A,ATTGA,1
T>A,ATTGC,1
T>A,ATTGG,1
T>A,ATTGT,2
T>A,ATTTA,3
T>A,ATTTC,2
T>A,ATTTG,1
T>A,ATTTT,8
T>A,CATAA,7
T>A,CATAC,4
T>A,CATAG,3
T>A,CATAT,1
T>A,CATCA,1
T>A,CATCC,3
T>A,CATCG,0
T>A,CATCT,7
T>A,CATGA,2
T>A,CATGC,4
T>A,CATGG,2
T>A,CATGT,2
T>A,CATTA,6
T>A,CATTC,1
T>A,CATTG,3
T>A,CATTT,2
T>A,CCTAA,12
T>A,CCTAC,8
T>A,CCTAG,13
T>A,CCTAT,9
T>A,CCTCA,19
T>A,CCTCC,26
T>A,CCTCG,4
T>A,CCTCT,17
T>A,CCTGA,13
T>A,CCTGC,9
T>A,CCTGG,14
T>A,CCTGT,18
T>A,CCTTA,13
T>A,CCTTC,11
T>A,CCTTG,19
T>A,CCTTT,16
T>A,CGTAA,0
T>A,CGTAC,0
T>A,CGTAG,0
T>A,CGTAT,0
T>A,CGTCA,1
T>A,CGTCC,1
T>A,CGTCG,0
T>A,CGTCT,3
T>A,CGTGA,1
T>A,CGTGC,1
T>A,CGTGG,0
T>A,CGTGT,0
T>A,CGTTA,0
T>A,CGTTC,0
T>A,CGTTG,0
T>A,CGTTT,0
T>A,CTTAA,4
T>A,CTTAC,6
T>A,CTTAG,4
T>A,CTTAT,4
T>A,CTTCA,2
T>A,CTTCC,1
T>A,CTTCG,0
T>A,CTTCT,4
T>A,CTTGA,4
T>A,CTTGC,2
T>A,CTTGG,1
T>A,CTTGT,4
T>A,CTTTA,3
T>A,CTTTC,3
T>A,CTTTG,7
T>A,CTTTT,4
T>A,GATAA,1
T>A,GATAC,1
T>A,GATAG,5
T>A,GATAT,4
T>A,GATCA,2
T>A,GATCC,2
T>A,GATCG,0
T>A,GATCT,6
T>A,GATGA,1
T>A,GATGC,0
T>A,GATGG,4
T>A,GATGT,0
T>A,GATTA,3
T>A,GATTC,3
T>A,GATTG,4
T>A,GATTT,1
T>A,GCTAA,7
T>A,GCTAC,2
T>A,GCTAG,2
T>A,GCTAT,7
T>A,GCTCA,4
T>A,GCTCC,5
T>A,GCTCG,0
T>A,GCTCT,4
T>A,GCTGA,9
T>A,GCTGC,9
T>A,GCTGG,13
T>A,GCTGT,8
T>A,GCTTA,7
T>A,GCTTC,7
T>A,GCTTG,7
T>A,GCTTT,8
T>A,GGTAA,0
T>A,GGTAC,0
T>A,GGTAG,0
T>A,GGTAT,1
T>A,GGTCA,3
T>A,GGTCC,1
T>A,GGTCG,1
T>A,GGTCT,5
T>A,GGTGA,1
T>A,GGTGC,1
T>A,GGTGG,2
T>A,GGTGT,1
T>A,GGTTA,0
T>A,GGTTC,1
T>A,GGTTG,0
T>A,GGTTT,2
T>A,GTTAA,5
T>A,GTTAC,4
T>A,GTTAG,0
T>A,GTTAT,2
T>A,GTTCA,1
T>A,GTTCC,1
T>A,GTTCG,2
T>A,GTTCT,2
T>A,GTTGA,0
T>A,GTTGC,1
T>A,GTTGG,1
T>A,GTTGT,1
T>A,GTTTA,2
T>A,GTTTC,4
T>A,GTTTG,1
T>A,GTTTT,2
T>A,TATAA,3
T>A,TATAC,2
T>A,TATAG,4
T>A,TATAT,4
T>A,TATCA,1
T>A,TATCC,3
T>A,TATCG,0
T>A,TATCT,7
T>A,TATGA,6
T>A,TATGC,5
T>A,TATGG,1
T>A,TATGT,6
T>A,TATTA,4
T>A,TATTC,2
T>A,TATTG,2
T>A,TATTT,6
T>A,TCTAA,14
T>A,TCTAC,9
T>A,TCTAG,13
T>A,TCTAT,9
T>A,TCTCA,13
T>A,TCTCC,15
T>A,TCTCG,3
T>A,TCTCT,20
T>A,TCTGA,11
T>A,TCTGC,14
T>A,TCTGG,15
T>A,TCTGT,24
T>A,TCTTA,10
T>A,TCTTC,15
T>A,TCTTG,25
T>A,TCTTT,34
T>A,TGTAA,2
T>A,TGTAC,1
T>A,TGTAG,0
T>A,TGTAT,0
T>A,TGTCA,8
T>A,TGTCC,0
T>A,TGTCG,0
T>A,TGTCT,20
T>A,TGTGA,2
T>A,TGTGC,1
T>A,TGTGG,1
T>A,TGTGT,1
T>A,TGTTA,2
T>A,TGTTC,2
T>A,TGTTG,2
T>A,TGTTT,4
T>A,TTTAA,8
T>A,TTTAC,4
T>A,TTTAG,3
T>A,TTTAT,16
T>A,TTTCA,2
T>A,TTTCC,2
T>A,TTTCG,0
T>A,TTTCT,5
T>A,TTTGA,4
T>A,TTTGC,3
T>A,TTTGG,2
T>A,TTTGT,3
T>A,TTTTA,1
T>A,TTTTC,4
T>A,TTTTG,5
T>A,TTTTT,0
T>C,AATAA,10
T>C,AATAC,9
T>C,AATAG,10
T>C,AATAT,8
T>C,AATCA,4
T>C,AATCC,5
T>C,AATCG,1
T>C,AATCT,15
T>C,AATGA,5
T>C,AATGC,8
T>C,AATGG,4
T>C,AATGT,4
T>C,AATTA,3
T>C,AATTC,5
T>C,AATTG,2
T>C,AATTT,4
T>C,ACTAA,9
T>C,ACTAC,3
T>C,ACTAG,3
T>C,ACTAT,10
T>C,ACTCA,1
T>C,ACTCC,2
T>C,ACTCG,0
T>C,ACTCT,3
T>C,ACTGA,6
T>C,ACTGC,5
T>C,ACTGG,10
T>C,ACTGT,7
T>C,ACTTA,29
T>C,ACTTC,10
T>C,ACTTG,15
T>C,ACTTT,2
T>C,AGTAA,2
T>C,AGTAC,4
T>C,AGTAG,5
T>C,AGTAT,4
T>C,AGTCA,24
T>C,AGTCC,4
T>C,AGTCG,1
T>C,AGTCT,12
T>C,AGTGA,2
T>C,AGTGC,2
T>C,AGTGG,3
T>C,AGTGT,5
T>C,AGTTA,1
T>C,AGTTC,0
T>C,AGTTG,1
T>C,AGTTT,4
T>C,ATTAA,5
T>C,ATTAC,3
T>C,ATTAG,7
T>C,ATTAT,6
T>C,ATTCA,0
T>C,ATTCC,1
T>C,ATTCG,0
T>C,ATTCT,5
T>C,ATTGA,1
T>C,ATTGC,0
T>C,ATTGG,0
T>C,ATTGT,5
T>C,ATTTA,2
T>C,ATTTC,3
T>C,ATTTG,2
T>C,ATTTT,4
T>C,CATAA,4
T>C,CATAC,7
T>C,CATAG,5
T>C,CATAT,6
T>C,CATCA,2
T>C,CATCC,3
T>C,CATCG,0
T>C,CATCT,8
T>C,CATGA,2
T>C,CATGC,3
T>C,CATGG,1
T>C,CATGT,4
T>C,CATTA,0
T>C,CATTC,5
T>C,CATTG,6
T>C,CATTT,11
T>C,CCTAA,9
T>C,CCTAC,2
T>C,CCTAG,2
T>C,CCTAT,4
T>C,CCTCA,7
T>C,CCTCC,9
T>C,CCTCG,0
T>C,CCTCT,5
T>C,CCTGA,5
T>C,CCTGC,5
T>C,CCTGG,5
T>C,CCTGT,7
T>C,CCTTA,6
T>C,CCTTC,7
T>C,CCTTG,11
T>C,CCTTT,8
T>C,CGTAA,0
T>C,CGTAC,0
T>C,CGTAG,0
T>C,CGTAT,1
T>C,CGTCA,3
T>C,CGTCC,1
T>C,CGTCG,0
T>C,CGTCT,3
T>C,CGTGA,0
T>C,CGTGC,1
T>C,CGTGG,0
T>C,CGTGT,0
T>C,CGTTA,0
T>C,CGTTC,1
T>C,CGTTG,0
T>C,CGTTT,0
T>C,CTTAA,4
T>C,CTTAC,1
T>C,CTTAG,2
T>C,CTTAT,2
T>C,CTTCA,1
T>C,CTTCC,1
T>C,CTTCG,0
T>C,CTTCT,6
T>C,CTTGA,2
T>C,CTTGC,0
T>C,CTTGG,0
T>C,CTTGT,2
T>C,CTTTA,3
T>C,CTTTC,2
T>C,CTTTG,4
T>C,CTTTT,2
T>C,GATAA,6
T>C,GATAC,0
T>C,GATAG,3
T>C,GATAT,5
T>C,GATCA,0
T>C,GATCC,4
T>C,GATCG,0
T>C,GATCT,5
T>C,GATGA,0
T>C,GATGC,0
T>C,GATGG,5
T>C,GATGT,1
T>C,GATTA,3
T>C,GATTC,4
T>C,GATTG,4
T>C,GATTT,3
T>C,GCTAA,0
T>C,GCTAC,0
T>C,GCTAG,4
T>C,GCTAT,4
T>C,GCTCA,1
T>C,GCTCC,3
T>C,GCTCG,0
T>C,GCTCT,1
T>C,GCTGA,4
T>C,GCTGC,1
T>C,GCTGG,4
T>C,GCTGT,2
T>C,GCTTA,18
T>C,GCTTC,5
T>C,GCTTG,12
T>C,GCTTT,4
T>C,GGTAA,0
T>C,GGTAC,1
T>C,GGTAG,2
T>C,GGTAT,5
T>C,GGTCA,16
T>C,GGTCC,1
T>C,GGTCG,1
T>C,GGTCT,9
T>C,GGTGA,1
T>C,GGTGC,2
T>C,GGTGG,2
T>C,GGTGT,1
T>C,GGTTA,1
T>C,GGTTC,3
T>C,GGTTG,4
T>C,GGTTT,1
T>C,GTTAA,1
T>C,GTTAC,1
T>C,GTTAG,4
T>C,GTTAT,0
T>C,GTTCA,4
T>C,GTTCC,3
T>C,GTTCG,0
T>C,GTTCT,6
T>C,GTTGA,1
T>C,GTTGC,0
T>C,GTTGG,0
T>C,GTTGT,0
T>C,GTTTA,1
T>C,GTTTC,0
T>C,GTTTG,1
T>C,GTTTT,3
T>C,TATAA,15
T>C,TATAC,8
T>C,TATAG,12
T>C,TATAT,8
T>C,TATCA,3
T>C,TATCC,3
T>C,TATCG,0
T>C,TATCT,4
T>C,TATGA,4
T>C,TATGC,4
T>C,TATGG,7
T>C,TATGT,3
T>C,TATTA,3
T>C,TATTC,4
T>C,TATTG,6
T>C,TATTT,11
T>C,TCTAA,8
T>C,TCTAC,5
T>C,TCTAG,17
T>C,TCTAT,15
T>C,TCTCA,10
T>C,TCTCC,16
T>C,TCTCG,0
T>C,TCTCT,9
T>C,TCTGA,7
T>C,TCTGC,12
T>C,TCTGG,16
T>C,TCTGT,10
T>C,TCTTA,24
T>C,TCTTC,16
T>C,TCTTG,12
T>C,TCTTT,28
T>C,TGTAA,5
T>C,TGTAC,2
T>C,TGTAG,6
T>C,TGTAT,6
T>C,TGTCA,31
T>C,TGTCC,6
T>C,TGTCG,10
T>C,TGTCT,12
T>C,TGTGA,4
T>C,TGTGC,1
T>C,TGTGG,6
T>C,TGTGT,4
T>C,TGTTA,7
T>C,TGTTC,4
T>C,TGTTG,8
T>C,TGTTT,3
T>C,TTTAA,11
T>C,TTTAC,8
T>C,TTTAG,10
T>C,TTTAT,16
T>C,TTTCA,9
T>C,TTTCC,10
T>C,TTTCG,1
T>C,TTTCT,18
T>C,TTTGA,4
T>C,TTTGC,1
T>C,TTTGG,2
T>C,TTTGT,5
T>C,TTTTA,6
T>C,TTTTC,5
T>C,TTTTG,6
T>C,TTTTT,0
T>G,AATAA,7
T>G,AATAC,3
T>G,AATAG,4
T>G,AATAT,3
T>G,AATCA,3
T>G,AATCC,0
T>G,AATCG,0
T>G,AATCT,1
T>G,AATGA,2
T>G,AATGC,2
T>G,AATGG,5
T>G,AATGT,6
T>G,AATTA,4
T>G,AATTC,2
T>G,AATTG,3
T>G,AATTT,7
T>G,ACTAA,2
T>G,ACTAC,2
T>G,ACTAG,2
T>G,ACTAT,3
T>G,ACTCA,2
T>G,ACTCC,0
T>G,ACTCG,1
T>G,ACTCT,2
T>G,ACTGA,6
T>G,ACTGC,4
T>G,ACTGG,5
T>G,ACTGT,5
T>G,ACTTA,6
T>G,ACTTC,1
T>G,ACTTG,5
T>G,ACTTT,12
T>G,AGTAA,2
T>G,AGTAC,0
T>G,AGTAG,2
T>G,AGTAT,0
T>G,AGTCA,8
T>G,AGTCC,0
T>G,AGTCG,0
T>G,AGTCT,13
T>G,AGTGA,3
T>G,AGTGC,0
T>G,AGTGG,1
T>G,AGTGT,3
T>G,AGTTA,3
T>G,AGTTC,4
T>G,AGTTG,1
T>G,AGTTT,4
T>G,ATTAA,5
T>G,ATTAC,2
T>G,ATTAG,0
T>G,ATTAT,5
T>G,ATTCA,6
T>G,ATTCC,1
T>G,ATTCG,0
T>G,ATTCT,6
T>G,ATTGA,4
T>G,ATTGC,0
T>G,ATTGG,1
T>G,ATTGT,0
T>G,ATTTA,4
T>G,ATTTC,4
T>G,ATTTG,3
T>G,ATTTT,5
T>G,CATAA,4
T>G,CATAC,1
T>G,CATAG,2
T>G,CATAT,1
T>G,CATCA,4
T>G,CATCC,2
T>G,CATCG,0
T>G,CATCT,5
T>G,CATGA,1
T>G,CATGC,6
T>G,CATGG,5
T>G,CATGT,0
T>G,CATTA,6
T>G,CATTC,2
T>G,CATTG,3
T>G,CATTT,4
T>G,CCTAA,3
T>G,CCTAC,0
T>G,CCTAG,2
T>G,CCTAT,1
T>G,CCTCA,4
T>G,CCTCC,4
T>G,CCTCG,0
T>G,CCTCT,1
T>G,CCTGA,1
T>G,CCTGC,6
T>G,CCTGG,6
T>G,CCTGT,1
T>G,CCTTA,1
T>G,CCTTC,2
T>G,CCTTG,1
T>G,CCTTT,7
T>G,CGTAA,1
T>G,CGTAC,0
T>G,CGTAG,1
T>G,CGTAT,0
T>G,CGTCA,2
T>G,CGTCC,0
T>G,CGTCG,0
T>G,CGTCT,0
T>G,CGTGA,0
T>G,CGTGC,0
T>G,CGTGG,1
T>G,CGTGT,0
T>G,CGTTA,0
T>G,CGTTC,0
T>G,CGTTG,1
T>G,CGTTT,0
T>G,CTTAA,6
T>G,CTTAC,0
T>G,CTTAG,2
T>G,CTTAT,4
T>G,CTTCA,3
T>G,CTTCC,0
T>G,CTTCG,0
T>G,CTTCT,2
T>G,CTTGA,6
T>G,CTTGC,4
T>G,CTTGG,3
T>G,CTTGT,3
T>G,CTTTA,5
T>G,CTTTC,1
T>G,CTTTG,4
T>G,CTTTT,2
T>G,GATAA,5
T>G,GATAC,0
T>G,GATAG,2
T>G,GATAT,1
T>G,GATCA,0
T>G,GATCC,0
T>G,GATCG,0
T>G,GATCT,1
T>G,GATGA,3
T>G,GATGC,1
T>G,GATGG,6
T>G,GATGT,0
T>G,GATTA,2
T>G,GATTC,0
T>G,GATTG,2
T>G,GATTT,2
T>G,GCTAA,1
T>G,GCTAC,2
T>G,GCTAG,0
T>G,GCTAT,1
T>G,GCTCA,4
T>G,GCTCC,3
T>G,GCTCG,0
T>G,GCTCT,0
T>G,GCTGA,0
T>G,GCTGC,4
T>G,GCTGG,7
T>G,GCTGT,4
T>G,GCTTA,3
T>G,GCTTC,2
T>G,GCTTG,2
T>G,GCTTT,3
T>G,GGTAA,2
T>G,GGTAC,0
T>G,GGTAG,0
T>G,GGTAT,0
T>G,GGTCA,1
T>G,GGTCC,1
T>G,GGTCG,1
T>G,GGTCT,8
T>G,GGTGA,1
T>G,GGTGC,0
T>G,GGTGG,6
T>G,GGTGT,2
T>G,GGTTA,1
T>G,GGTTC,2
T>G,GGTTG,1
T>G,GGTTT,1
T>G,GTTAA,2
T>G,GTTAC,1
T>G,GTTAG,1
T>G,GTTAT,1
T>G,GTTCA,3
T>G,GTTCC,0
T>G,GTTCG,0
T>G,GTTCT,1
T>G,GTTGA,6
T>G,GTTGC,1
T>G,GTTGG,1
T>G,GTTGT,1
T>G,GTTTA,3
T>G,GTTTC,1
T>G,GTTTG,2
T>G,GTTTT,2
T>G,TATAA,4
T>G,TATAC,0
T>G,TATAG,0
T>G,TATAT,6
T>G,TATCA,1
T>G,TATCC,1
T>G,TATCG,1
T>G,TATCT,6
T>G,TATGA,1
T>G,TATGC,0
T>G,TATGG,6
T>G,TATGT,2
T>G,TATTA,1
T>G,TATTC,0
T>G,TATTG,1
T>G,TATTT,5
T>G,TCTAA,2
T>G,TCTAC,0
T>G,TCTAG,0
T>G,TCTAT,2
T>G,TCTCA,5
T>G,TCTCC,2
T>G,TCTCG,0
T>G,TCTCT,5
T>G,TCTGA,5
T>G,TCTGC,4
T>G,TCTGG,2
T>G,TCTGT,3
T>G,TCTTA,4
T>G,TCTTC,1
T>G,TCTTG,3
T>G,TCTTT,7
T>G,TGTAA,3
T>G,TGTAC,0
T>G,TGTAG,1
T>G,TGTAT,1
T>G,TGTCA,4
T>G,TGTCC,1
T>G,TGTCG,1
T>G,TGTCT,11
T>G,TGTGA,0
T>G,TGTGC,1
T>G,TGTGG,8
T>G,TGTGT,2
T>G,TGTTA,2
T>G,TGTTC,1
T>G,TGTTG,1
T>G,TGTTT,2
T>G,TTTAA,8
T>G,TTTAC,0
T>G,TTTAG,3
T>G,TTTAT,7
T>G,TTTCA,1
T>G,TTTCC,1
T>G,TTTCG,0
T>G,TTTCT,2
T>G,TTTGA,7
T>G,TTTGC,10
T>G,TTTGG,4
T>G,TTTGT,9
T>G,TTTTA,3
T>G,TTTTC,1
T>G,TTTTG,2
T>G,TTTTT,0
