MutationType	PD3851a	PD3890a	PD3904a	PD3905a	PD3945a	PD4005a	PD4006a	PD4085a	PD4086a	PD4088a	PD4103a	PD4107a	PD4109a	PD4115a	PD4116a	PD4120a	PD4192a	PD4194a	PD4198a	PD4199a	PD4248a	breast_genomes_all_indels	breast_genomes_all_subs_simple_2
AA[C>A]AA	8	12	27	21	54	12	29	14	6	9	17	34	15	36	20	34	9	6	8	13	11	0	0
AA[C>A]AC	0	6	1	4	8	5	8	2	2	2	2	13	9	15	5	6	6	0	1	2	1	0	0
AA[C>A]AG	6	6	5	7	20	1	16	2	2	4	13	10	14	9	8	5	1	1	4	3	5	0	0
AA[C>A]AT	0	10	4	4	7	3	16	6	1	5	8	12	9	13	5	11	2	3	6	2	2	0	0
AA[C>A]CA	3	11	8	6	24	7	13	10	1	2	12	21	23	19	17	8	6	2	20	2	5	0	0
AA[C>A]CC	7	7	12	3	15	8	17	9	1	3	7	10	15	16	13	5	5	2	8	5	3	0	0
AA[C>A]CG	1	1	1	0	0	1	3	1	0	0	0	0	2	2	0	1	0	1	1	0	0	0	0
AA[C>A]CT	8	10	7	15	29	12	22	4	4	4	4	31	15	24	21	7	4	3	9	6	6	0	0
AA[C>A]GA	0	1	1	0	3	1	4	0	0	1	1	1	2	2	2	4	1	1	3	0	0	0	0
AA[C>A]GC	0	0	0	0	0	0	4	0	1	0	2	2	1	1	1	1	3	0	0	0	2	0	0
AA[C>A]GG	3	0	0	0	2	1	2	0	0	0	0	2	0	3	1	0	0	0	0	0	0	0	0
AA[C>A]GT	2	2	1	2	1	3	2	1	2	0	0	2	1	0	5	4	1	1	1	2	0	0	0
AA[C>A]TA	3	9	8	7	13	1	10	5	2	2	1	15	6	20	13	4	2	1	2	2	1	0	0
AA[C>A]TC	1	4	2	2	9	4	10	1	2	4	2	11	4	4	6	2	2	0	4	0	4	0	0
AA[C>A]TG	1	4	5	5	7	4	14	8	2	3	3	14	11	9	3	5	3	1	4	3	2	0	0
AA[C>A]TT	3	14	6	13	18	13	28	7	3	3	8	23	5	23	26	2	7	2	8	4	5	0	0
AA[C>G]AA	1	15	14	7	20	11	32	2	2	2	8	15	9	13	13	25	9	1	4	2	0	0	0
AA[C>G]AC	3	4	0	2	1	2	4	0	1	3	0	2	4	6	6	2	1	0	1	1	0	0	0
AA[C>G]AG	1	6	10	7	20	5	16	2	2	2	3	20	9	17	16	13	7	1	5	1	2	0	0
AA[C>G]AT	0	3	1	4	8	3	3	1	0	1	3	3	8	1	5	5	3	0	5	3	4	0	0
AA[C>G]CA	3	7	5	7	14	7	10	1	1	1	6	9	8	8	10	9	3	0	7	1	4	0	0
AA[C>G]CC	1	4	4	2	0	1	7	1	1	1	2	5	1	3	2	5	0	0	1	1	3	0	0
AA[C>G]CG	0	0	0	1	0	0	2	0	0	0	0	0	0	1	1	0	0	0	1	0	0	0	0
AA[C>G]CT	0	6	4	2	6	4	13	3	4	1	2	8	5	3	7	6	2	0	1	1	1	0	0
AA[C>G]GA	0	1	0	2	1	4	6	0	0	0	1	6	2	1	3	2	3	1	0	0	0	0	0
AA[C>G]GC	0	1	0	0	2	0	6	0	0	0	1	2	1	2	1	0	0	0	1	0	1	0	0
AA[C>G]GG	2	0	0	1	1	0	1	0	0	0	0	4	4	0	0	0	0	0	0	0	0	0	0
AA[C>G]GT	1	5	2	0	1	0	2	1	0	0	0	8	1	3	1	1	0	0	0	1	1	0	0
AA[C>G]TA	0	8	4	4	13	6	15	0	1	1	3	12	9	6	14	11	3	2	3	3	3	0	0
AA[C>G]TC	0	4	3	2	4	3	4	1	1	1	1	7	2	4	4	8	3	0	2	2	2	0	0
AA[C>G]TG	0	1	7	2	12	6	8	2	2	0	4	5	4	11	7	15	2	0	2	1	4	0	0
AA[C>G]TT	1	10	10	6	12	7	15	3	4	3	4	16	8	19	8	15	2	0	3	1	1	0	0
AA[C>T]AA	1	14	8	5	19	4	12	5	2	5	7	16	13	14	9	19	6	1	8	1	2	0	0
AA[C>T]AC	4	4	5	2	10	4	7	2	1	3	8	7	10	9	5	25	0	2	4	3	3	0	0
AA[C>T]AG	3	2	5	5	8	4	7	5	2	3	4	3	11	10	6	23	2	3	5	2	5	0	0
AA[C>T]AT	8	15	19	12	26	9	33	10	5	9	11	30	27	32	19	31	5	3	5	8	2	0	0
AA[C>T]CA	4	8	6	4	3	8	14	3	2	0	7	7	7	8	5	8	5	1	2	2	1	0	0
AA[C>T]CC	1	4	4	2	10	1	12	4	0	1	8	10	4	7	6	5	1	1	2	1	3	0	0
AA[C>T]CG	0	0	0	0	2	2	1	1	0	0	0	2	1	1	0	1	0	0	1	0	0	0	0
AA[C>T]CT	1	9	2	3	6	6	6	1	3	1	4	6	5	10	5	8	3	1	4	3	1	0	0
AA[C>T]GA	3	9	8	7	12	5	8	10	6	19	17	11	20	14	7	10	3	4	19	11	2	0	0
AA[C>T]GC	3	7	8	7	10	7	7	8	3	3	16	12	22	10	5	9	7	3	16	4	5	0	0
AA[C>T]GG	6	5	6	7	6	8	10	8	1	3	11	5	16	5	7	18	8	6	14	5	4	0	0
AA[C>T]GT	4	3	9	3	13	10	9	11	4	9	13	11	21	13	6	7	8	6	11	10	2	0	0
AA[C>T]TA	0	8	2	0	7	3	17	1	3	0	5	18	5	5	6	6	1	0	5	3	4	0	0
AA[C>T]TC	0	3	10	6	12	5	14	1	2	1	4	6	8	14	4	4	2	1	3	4	0	0	0
AA[C>T]TG	2	4	5	3	11	5	6	1	1	2	9	8	5	6	9	12	4	0	0	2	2	0	0
AA[C>T]TT	2	6	12	6	19	7	20	4	1	2	5	23	12	15	8	15	5	2	7	0	1	0	0
AA[T>A]AA	2	9	5	9	26	1	8	7	2	0	6	14	13	13	21	45	4	3	14	1	4	0	0
AA[T>A]AC	1	1	1	1	6	1	4	2	1	0	1	3	4	3	7	10	2	0	3	1	1	0	0
AA[T>A]AG	2	2	2	3	3	2	2	0	3	0	0	5	5	4	3	6	1	1	4	1	2	0	0
AA[T>A]AT	0	6	2	5	16	3	3	0	3	3	6	4	7	8	14	9	5	0	12	2	4	0	0
AA[T>A]CA	2	5	6	3	12	5	5	4	1	0	6	8	7	10	5	10	3	0	5	5	2	0	0
AA[T>A]CC	1	2	1	2	4	1	7	2	1	3	2	5	5	5	5	2	5	1	4	2	2	0	0
AA[T>A]CG	0	0	0	0	1	0	1	0	0	0	1	1	2	0	0	0	0	0	0	0	0	0	0
AA[T>A]CT	1	5	2	2	12	3	12	6	3	0	5	6	6	9	10	11	1	2	4	3	3	0	0
AA[T>A]GA	2	7	8	3	20	2	11	4	1	1	2	11	8	13	4	3	8	1	2	1	3	0	0
AA[T>A]GC	2	1	5	2	7	1	3	1	0	1	2	6	5	9	3	5	6	0	1	0	2	0	0
AA[T>A]GG	1	6	3	2	16	4	6	1	2	0	4	8	8	12	4	5	1	0	5	4	1	0	0
AA[T>A]GT	4	2	5	6	22	3	13	2	2	1	7	11	8	11	10	9	2	1	5	1	2	0	0
AA[T>A]TA	2	3	9	6	17	6	14	4	2	0	4	8	25	10	9	8	4	1	18	6	10	0	0
AA[T>A]TC	2	1	4	1	10	0	5	3	3	0	3	5	8	8	8	6	1	0	3	1	2	0	0
AA[T>A]TG	1	2	4	4	11	1	9	3	0	2	4	3	13	3	2	2	3	1	5	3	5	0	0
AA[T>A]TT	4	8	8	8	48	6	17	11	7	7	15	28	80	31	19	17	7	6	32	6	15	0	0
AA[T>C]AA	1	10	12	8	13	12	14	8	3	2	5	17	21	17	16	7	4	2	11	1	4	0	0
AA[T>C]AC	3	10	6	4	12	5	11	2	3	2	2	15	19	6	9	6	4	0	4	3	4	0	0
AA[T>C]AG	3	6	8	9	21	4	11	4	4	1	5	21	10	21	9	10	6	1	13	0	6	0	0
AA[T>C]AT	2	5	6	4	26	5	12	4	1	3	11	18	18	16	24	8	1	2	8	3	4	0	0
AA[T>C]CA	2	3	4	2	8	4	13	1	3	0	1	11	8	10	4	0	1	2	2	0	3	0	0
AA[T>C]CC	4	2	3	2	5	3	9	1	2	1	3	5	3	4	3	4	2	0	4	2	1	0	0
AA[T>C]CG	0	0	1	0	0	0	1	0	0	0	2	1	0	2	1	0	0	0	1	1	0	0	0
AA[T>C]CT	2	8	4	0	5	3	13	2	2	1	2	11	9	7	8	2	1	2	2	3	3	0	0
AA[T>C]GA	0	7	2	7	13	0	1	3	3	4	4	12	11	11	12	1	5	1	8	6	3	0	0
AA[T>C]GC	1	2	0	5	8	1	1	2	3	0	2	4	5	11	7	4	1	1	1	5	0	0	0
AA[T>C]GG	1	3	4	2	15	4	11	5	0	0	3	11	15	11	12	8	2	3	5	3	1	0	0
AA[T>C]GT	1	5	9	6	6	9	19	2	9	4	2	8	6	8	4	6	4	0	2	6	3	0	0
AA[T>C]TA	0	7	5	7	13	7	9	3	1	3	4	15	8	14	7	3	5	0	3	3	3	0	0
AA[T>C]TC	0	3	2	3	14	4	6	0	2	0	1	10	9	7	7	2	5	0	3	0	1	0	0
AA[T>C]TG	5	14	9	7	15	8	14	10	8	4	11	10	11	17	11	16	6	3	8	2	4	0	0
AA[T>C]TT	6	9	11	4	17	3	21	10	5	0	2	26	11	19	10	9	4	0	7	4	2	0	0
AA[T>G]AA	2	5	2	6	10	1	8	3	0	2	2	11	11	8	8	6	4	0	5	1	1	0	0
AA[T>G]AC	0	0	0	0	1	2	0	0	0	0	2	0	1	5	3	2	0	0	1	1	0	0	0
AA[T>G]AG	1	5	2	2	8	3	7	1	1	0	1	8	3	5	3	2	4	0	0	1	1	0	0
AA[T>G]AT	0	2	4	1	3	1	3	0	1	0	2	7	7	6	1	1	2	0	4	0	1	0	0
AA[T>G]CA	0	1	0	2	0	0	2	0	0	0	0	1	3	4	0	1	2	0	3	0	1	0	0
AA[T>G]CC	0	1	1	1	1	0	0	0	1	0	1	0	3	0	1	0	3	0	1	0	0	0	0
AA[T>G]CG	0	0	0	0	0	0	0	0	0	0	0	2	0	1	0	1	0	0	0	0	0	0	0
AA[T>G]CT	0	3	0	0	4	1	1	1	1	0	1	0	2	0	3	1	1	0	0	0	2	0	0
AA[T>G]GA	1	1	3	4	6	3	12	1	1	1	0	6	9	10	3	7	9	0	5	0	0	0	0
AA[T>G]GC	0	1	1	1	5	2	5	1	0	1	0	2	6	6	6	2	2	0	2	1	0	0	0
AA[T>G]GG	0	0	2	3	3	3	4	0	1	0	0	2	3	5	2	2	1	0	1	0	0	0	0
AA[T>G]GT	1	5	1	7	9	2	12	0	1	1	0	10	4	9	8	2	2	0	0	0	0	0	0
AA[T>G]TA	1	7	1	4	6	1	5	0	0	0	2	10	7	5	4	0	2	1	2	0	1	0	0
AA[T>G]TC	0	4	1	1	5	3	1	0	1	0	2	2	1	1	0	2	1	1	0	0	1	0	0
AA[T>G]TG	0	4	2	1	4	2	3	1	0	0	2	1	1	2	3	2	0	0	2	0	1	0	0
AA[T>G]TT	0	16	0	3	7	5	6	1	1	0	2	5	6	7	1	1	3	0	2	1	2	0	0
AC[C>A]AA	3	9	6	5	16	7	14	6	3	2	5	11	9	23	16	15	7	0	9	5	3	0	0
AC[C>A]AC	0	10	4	6	8	6	14	3	0	2	3	5	11	14	7	6	1	0	2	2	4	0	0
AC[C>A]AG	5	7	10	8	19	5	17	5	2	5	4	10	3	15	8	6	5	1	1	1	2	0	0
AC[C>A]AT	4	8	14	9	16	6	18	0	3	2	5	35	13	5	11	10	3	1	7	3	5	0	0
AC[C>A]CA	4	8	6	7	25	11	29	8	5	2	3	26	13	9	25	9	2	3	4	4	2	0	0
AC[C>A]CC	2	3	8	4	10	6	8	1	2	0	5	11	8	9	11	4	5	2	3	2	1	0	0
AC[C>A]CG	0	0	1	2	1	2	2	0	0	0	0	1	0	1	2	0	1	0	1	0	1	0	0
AC[C>A]CT	2	5	8	9	24	12	19	3	0	0	2	23	13	22	20	11	1	1	4	2	1	0	0
AC[C>A]GA	1	0	0	1	3	0	3	0	0	0	1	1	1	2	2	0	1	0	1	0	0	0	0
AC[C>A]GC	0	1	3	0	1	2	4	0	1	0	1	0	0	1	2	1	1	1	0	0	1	0	0
AC[C>A]GG	1	0	0	0	1	0	3	0	0	1	0	1	0	1	1	1	0	1	0	1	0	0	0
AC[C>A]GT	1	0	0	2	1	0	2	0	0	0	1	2	2	0	4	1	3	0	1	1	0	0	0
AC[C>A]TA	1	4	2	3	13	2	13	2	2	3	3	4	3	9	6	4	0	1	1	0	3	0	0
AC[C>A]TC	1	5	8	5	14	5	15	1	2	2	8	15	5	6	7	5	2	0	4	1	3	0	0
AC[C>A]TG	1	8	2	3	12	4	8	3	2	2	6	15	8	18	13	4	1	0	2	1	2	0	0
AC[C>A]TT	3	4	11	8	16	2	18	2	1	1	9	29	12	17	10	10	5	0	6	5	2	0	0
AC[C>G]AA	1	6	5	4	14	4	13	2	1	1	5	12	8	12	11	26	3	0	0	4	1	0	0
AC[C>G]AC	0	5	6	1	7	2	7	1	1	0	1	5	4	8	6	4	2	0	1	0	0	0	0
AC[C>G]AG	0	4	4	7	11	4	10	1	1	0	2	5	4	10	4	12	5	0	1	1	0	0	0
AC[C>G]AT	0	7	4	1	5	5	6	0	0	0	2	9	4	9	7	12	1	0	1	2	1	0	0
AC[C>G]CA	1	4	4	4	10	5	9	2	0	0	4	6	7	12	6	5	3	1	3	2	1	0	0
AC[C>G]CC	0	3	0	1	5	5	5	5	1	2	0	1	0	5	2	4	1	0	1	1	1	0	0
AC[C>G]CG	0	0	1	4	0	0	0	1	0	0	0	1	0	1	1	3	1	0	0	1	1	0	0
AC[C>G]CT	0	4	2	2	8	5	6	0	2	0	3	9	0	11	5	3	1	0	3	1	1	0	0
AC[C>G]GA	0	0	0	1	0	2	3	0	0	0	0	1	1	4	2	3	1	0	0	0	0	0	0
AC[C>G]GC	0	1	2	0	1	2	3	0	1	0	0	2	0	2	2	4	2	0	1	0	0	0	0
AC[C>G]GG	0	0	0	1	0	0	1	0	0	0	1	2	1	0	0	3	1	0	0	0	0	0	0
AC[C>G]GT	0	1	0	1	0	1	3	1	0	0	1	2	2	2	1	1	4	1	1	1	0	0	0
AC[C>G]TA	0	3	8	5	10	3	6	2	1	0	1	9	6	8	7	15	3	3	0	0	0	0	0
AC[C>G]TC	0	7	1	1	5	6	12	2	0	4	2	10	3	11	6	8	2	1	1	1	1	0	0
AC[C>G]TG	1	10	4	2	14	0	14	0	2	2	1	11	5	7	6	11	7	0	3	1	2	0	0
AC[C>G]TT	2	1	10	1	12	4	21	3	1	1	5	5	9	15	8	17	2	0	2	1	4	0	0
AC[C>T]AA	0	1	5	2	9	1	2	2	0	3	7	5	13	10	6	28	6	0	5	3	4	0	0
AC[C>T]AC	5	4	5	2	8	3	8	3	0	1	3	7	6	9	6	25	5	0	4	4	2	0	0
AC[C>T]AG	3	5	7	4	8	2	7	4	1	2	1	11	7	4	5	43	1	2	2	0	2	0	0
AC[C>T]AT	4	7	4	6	6	2	6	1	3	1	3	6	11	11	8	41	6	2	4	5	3	0	0
AC[C>T]CA	2	4	7	3	10	4	6	3	3	0	2	7	3	11	4	11	3	2	3	4	0	0	0
AC[C>T]CC	0	5	3	4	4	2	2	2	2	0	4	4	1	3	6	5	2	1	4	0	1	0	0
AC[C>T]CG	0	0	2	1	2	0	1	1	1	1	2	0	1	1	0	4	1	1	0	0	0	0	0
AC[C>T]CT	2	3	4	2	5	4	7	4	2	3	4	6	6	10	8	9	2	0	4	3	2	0	0
AC[C>T]GA	1	2	4	3	0	5	3	2	1	3	8	5	11	6	0	9	1	2	5	4	1	0	0
AC[C>T]GC	3	2	3	2	3	6	7	4	3	2	6	6	14	7	7	15	3	1	5	7	4	0	0
AC[C>T]GG	2	3	3	0	3	1	2	4	3	0	3	7	13	6	3	16	4	3	2	3	3	0	0
AC[C>T]GT	1	4	4	0	1	3	3	2	2	4	2	5	7	6	3	14	0	0	2	2	4	0	0
AC[C>T]TA	1	2	4	2	2	4	13	0	0	4	3	13	10	11	5	18	1	0	1	3	2	0	0
AC[C>T]TC	0	8	11	6	12	13	17	2	1	2	7	27	7	15	13	17	2	1	2	4	2	0	0
AC[C>T]TG	1	12	6	7	6	6	9	2	0	2	7	13	8	8	13	30	6	1	2	7	1	0	0
AC[C>T]TT	2	5	10	4	17	10	19	5	0	1	5	22	7	17	11	31	1	0	9	3	2	0	0
AC[T>A]AA	0	6	6	6	13	2	8	2	2	1	2	15	3	10	6	0	2	1	3	0	3	0	0
AC[T>A]AC	0	5	3	1	6	0	5	0	0	0	0	8	1	5	7	1	0	0	2	1	1	0	0
AC[T>A]AG	1	2	0	5	1	2	4	1	0	1	1	6	7	5	8	0	0	0	0	0	2	0	0
AC[T>A]AT	0	3	1	4	12	1	8	0	1	0	0	7	6	10	10	1	2	0	2	1	2	0	0
AC[T>A]CA	2	2	3	2	14	1	11	1	2	2	0	15	4	10	12	4	2	0	4	2	3	0	0
AC[T>A]CC	1	3	6	3	6	7	10	0	2	0	0	8	8	7	5	0	5	1	4	2	2	0	0
AC[T>A]CG	0	2	0	0	1	0	1	2	0	0	1	0	0	3	1	1	0	1	0	0	1	0	0
AC[T>A]CT	2	6	8	5	17	3	17	1	2	0	1	16	4	22	19	4	7	0	2	0	1	0	0
AC[T>A]GA	0	3	4	6	5	4	10	0	0	0	2	12	2	8	5	2	3	0	3	1	3	0	0
AC[T>A]GC	0	9	2	5	5	3	5	2	0	0	0	10	1	7	3	0	1	0	1	2	1	0	0
AC[T>A]GG	0	5	3	5	13	5	2	2	0	1	0	10	4	3	2	2	0	2	4	0	3	0	0
AC[T>A]GT	0	4	3	6	11	7	12	1	2	1	1	12	6	7	14	4	6	0	4	2	1	0	0
AC[T>A]TA	2	4	9	6	11	6	11	1	3	4	0	17	5	14	11	2	2	1	1	1	1	0	0
AC[T>A]TC	2	4	3	2	5	3	19	0	1	0	5	8	5	13	6	3	1	0	2	0	1	0	0
AC[T>A]TG	1	7	6	6	3	5	9	2	0	0	3	7	4	9	2	2	2	0	1	0	2	0	0
AC[T>A]TT	2	9	9	17	35	11	25	6	1	4	4	46	12	34	23	8	6	1	9	0	5	0	0
AC[T>C]AA	1	2	4	1	4	5	9	1	1	0	0	5	7	5	7	1	1	2	3	0	0	0	0
AC[T>C]AC	1	1	3	0	2	1	9	1	0	3	2	2	5	1	3	2	1	1	2	0	0	0	0
AC[T>C]AG	1	2	2	4	4	1	6	2	0	2	1	4	2	4	7	1	2	0	1	0	1	0	0
AC[T>C]AT	1	4	2	3	4	3	7	2	0	2	3	5	6	7	8	2	5	0	2	1	1	0	0
AC[T>C]CA	1	4	4	2	8	2	7	0	0	4	1	13	4	6	2	4	2	1	0	3	1	0	0
AC[T>C]CC	0	1	1	7	4	2	5	0	1	1	2	5	5	6	5	6	2	2	2	2	1	0	0
AC[T>C]CG	0	0	1	0	1	0	1	0	0	0	0	2	0	2	0	1	0	0	0	0	0	0	0
AC[T>C]CT	0	3	1	4	10	5	15	3	2	0	3	30	5	10	4	2	3	1	4	3	7	0	0
AC[T>C]GA	0	2	0	2	7	0	5	1	1	1	0	2	4	6	5	3	1	0	0	0	5	0	0
AC[T>C]GC	2	3	2	1	5	2	4	0	0	1	0	3	3	3	1	2	3	0	2	0	1	0	0
AC[T>C]GG	0	2	6	4	4	6	4	1	0	0	2	2	1	8	1	5	4	1	1	2	2	0	0
AC[T>C]GT	2	8	1	2	8	2	6	1	1	0	4	9	8	5	5	6	0	1	0	0	1	0	0
AC[T>C]TA	1	0	2	3	6	2	4	0	1	0	8	2	1	9	1	3	2	0	0	0	0	0	0
AC[T>C]TC	0	4	2	2	4	1	0	1	1	0	5	6	4	3	8	4	0	2	3	1	0	0	0
AC[T>C]TG	1	4	1	4	10	3	8	2	1	1	0	5	1	8	6	3	3	0	3	1	1	0	0
AC[T>C]TT	0	10	4	2	18	4	10	1	1	0	6	17	13	16	2	4	1	2	1	3	3	0	0
AC[T>G]AA	0	3	1	0	1	1	4	1	0	0	3	6	6	10	4	1	1	1	2	0	0	0	0
AC[T>G]AC	1	0	1	1	2	0	1	0	1	0	3	2	1	2	0	1	1	0	0	0	0	0	0
AC[T>G]AG	0	2	2	2	0	3	1	0	0	0	1	1	1	4	1	3	0	0	1	0	2	0	0
AC[T>G]AT	2	1	2	0	2	5	6	0	0	1	0	7	4	2	4	0	1	2	1	0	1	0	0
AC[T>G]CA	1	2	4	3	4	3	5	0	0	0	2	1	0	2	5	1	0	1	2	0	3	0	0
AC[T>G]CC	1	1	1	0	3	2	6	0	1	0	0	2	1	1	4	3	0	1	0	1	0	0	0
AC[T>G]CG	0	1	0	0	0	0	1	0	0	0	0	0	0	0	0	0	0	1	0	0	0	0	0
AC[T>G]CT	0	1	2	0	8	5	3	2	0	1	0	3	1	2	0	2	0	0	3	1	1	0	0
AC[T>G]GA	1	5	2	4	8	7	4	1	2	0	3	3	5	3	5	4	1	0	1	1	0	0	0
AC[T>G]GC	1	2	2	2	4	2	6	1	0	0	0	2	4	2	3	1	0	0	1	1	0	0	0
AC[T>G]GG	0	3	1	3	3	1	3	1	0	1	1	4	0	3	11	1	4	0	1	2	0	0	0
AC[T>G]GT	2	2	1	6	4	4	4	0	0	0	2	5	4	10	5	2	1	1	0	3	2	0	0
AC[T>G]TA	2	12	1	3	5	3	11	0	1	0	4	5	7	21	7	2	6	1	3	3	2	0	0
AC[T>G]TC	2	13	1	4	8	0	4	1	0	0	5	4	7	13	2	0	1	0	0	0	2	0	0
AC[T>G]TG	1	7	2	2	2	4	3	2	0	1	7	6	3	21	4	2	1	0	4	0	0	0	0
AC[T>G]TT	2	7	2	3	13	5	4	1	2	2	6	14	12	21	10	5	5	0	4	1	0	0	0
AG[C>A]AA	4	4	10	7	18	7	17	8	2	9	8	30	19	11	9	18	11	2	9	7	3	0	0
AG[C>A]AC	3	3	5	2	6	1	10	1	1	0	2	7	6	10	3	5	2	0	2	2	4	0	0
AG[C>A]AG	2	6	6	5	6	5	12	3	3	7	3	15	5	10	8	5	8	0	3	0	0	0	0
AG[C>A]AT	3	5	4	3	6	4	18	6	2	2	4	15	8	10	11	12	4	1	1	3	1	0	0
AG[C>A]CA	1	6	6	3	13	4	10	2	2	1	5	13	4	14	20	4	0	0	8	4	2	0	0
AG[C>A]CC	0	6	5	4	8	2	4	1	0	0	1	10	6	8	7	6	2	1	7	4	1	0	0
AG[C>A]CG	0	1	1	0	1	0	1	0	0	0	1	0	0	0	0	0	1	0	0	0	0	0	0
AG[C>A]CT	0	7	11	5	14	6	6	0	4	0	5	19	6	21	10	6	3	2	6	2	2	0	0
AG[C>A]GA	1	1	1	0	1	0	1	0	1	2	1	2	0	2	3	1	0	0	0	1	2	0	0
AG[C>A]GC	0	1	0	0	0	1	0	0	0	0	0	1	1	0	1	3	0	3	0	0	1	0	0
AG[C>A]GG	0	0	0	0	1	0	1	0	1	0	0	0	2	1	1	3	0	0	0	1	1	0	0
AG[C>A]GT	0	2	0	0	1	1	0	1	0	0	0	1	0	2	1	0	1	1	0	1	2	0	0
AG[C>A]TA	1	4	3	7	8	1	11	4	2	4	6	11	4	9	6	3	3	3	5	4	2	0	0
AG[C>A]TC	3	3	3	4	8	2	7	0	2	2	3	7	8	18	4	4	1	0	1	1	3	0	0
AG[C>A]TG	3	6	5	5	8	5	14	3	2	2	7	12	7	11	11	5	4	0	2	5	2	0	0
AG[C>A]TT	2	4	7	4	7	4	13	2	3	3	6	13	9	16	10	6	2	0	0	1	1	0	0
AG[C>G]AA	0	3	7	3	8	4	10	4	2	4	2	17	14	12	9	15	5	1	4	3	2	0	0
AG[C>G]AC	1	5	0	2	3	4	4	1	0	0	2	4	2	2	4	2	1	1	0	1	1	0	0
AG[C>G]AG	1	2	2	2	4	1	9	1	0	0	3	11	6	7	7	16	2	1	2	0	2	0	0
AG[C>G]AT	0	6	2	2	1	1	9	0	2	0	2	1	1	6	4	7	2	1	5	1	2	0	0
AG[C>G]CA	1	2	6	3	11	6	12	2	3	1	2	8	6	12	13	8	4	1	5	2	2	0	0
AG[C>G]CC	2	2	2	1	3	0	3	1	2	0	2	1	3	7	3	5	2	1	2	2	0	0	0
AG[C>G]CG	0	0	1	1	0	1	0	0	0	1	0	1	0	0	0	1	1	0	1	0	0	0	0
AG[C>G]CT	2	2	8	8	7	5	18	1	0	0	1	7	6	8	11	4	2	1	5	2	0	0	0
AG[C>G]GA	1	0	1	3	0	4	2	0	1	0	1	2	2	4	0	3	3	0	1	1	1	0	0
AG[C>G]GC	0	0	0	0	2	0	3	0	0	0	0	1	0	0	0	1	1	0	0	0	0	0	0
AG[C>G]GG	0	0	2	1	3	0	0	0	1	0	0	2	1	0	1	0	1	0	0	0	0	0	0
AG[C>G]GT	0	1	0	1	0	0	0	0	1	0	0	1	1	1	0	0	0	0	0	0	1	0	0
AG[C>G]TA	3	8	3	3	10	5	13	3	2	1	2	8	4	8	14	12	4	1	1	1	1	0	0
AG[C>G]TC	1	4	6	6	4	7	12	1	0	0	0	8	5	6	7	7	2	0	4	1	2	0	0
AG[C>G]TG	0	5	4	7	13	9	11	1	4	0	2	10	6	19	10	12	2	0	4	4	2	0	0
AG[C>G]TT	0	8	7	6	12	6	14	1	4	1	1	17	5	9	8	11	2	0	4	0	2	0	0
AG[C>T]AA	5	4	5	5	11	2	3	2	0	6	9	10	6	13	5	23	2	0	3	2	5	0	0
AG[C>T]AC	3	1	3	3	6	2	10	1	2	1	5	5	7	10	3	19	2	3	5	4	0	0	0
AG[C>T]AG	1	4	6	4	5	4	7	4	2	1	7	9	11	11	15	32	4	1	3	5	2	0	0
AG[C>T]AT	2	3	5	1	12	10	3	2	3	0	7	7	9	10	5	29	1	4	3	3	10	0	0
AG[C>T]CA	1	6	11	4	5	6	9	1	2	2	9	11	8	12	6	17	2	3	5	4	3	0	0
AG[C>T]CC	3	2	4	3	12	2	4	2	3	0	6	8	6	4	2	7	1	2	3	1	0	0	0
AG[C>T]CG	0	1	2	0	2	1	1	1	0	0	0	0	1	1	2	2	1	0	0	0	0	0	0
AG[C>T]CT	1	6	3	4	10	12	8	1	5	0	12	9	11	14	11	19	2	2	3	2	5	0	0
AG[C>T]GA	2	8	4	4	9	4	14	5	4	4	12	8	21	6	2	21	10	7	9	7	3	0	0
AG[C>T]GC	3	4	1	5	7	2	4	5	4	2	9	3	15	8	2	12	8	2	3	3	1	0	0
AG[C>T]GG	5	4	3	7	8	7	11	3	1	4	10	7	15	9	6	18	6	2	5	4	5	0	0
AG[C>T]GT	4	2	3	2	3	2	7	4	1	0	12	1	22	8	6	11	2	0	4	4	3	0	0
AG[C>T]TA	1	4	6	3	7	4	5	2	5	1	3	3	8	5	4	11	1	3	3	1	2	0	0
AG[C>T]TC	4	3	5	7	11	4	6	2	1	1	3	8	8	12	2	13	4	0	2	4	3	0	0
AG[C>T]TG	0	4	6	6	12	4	8	2	0	2	8	7	8	10	10	19	7	3	2	7	4	0	0
AG[C>T]TT	2	5	2	5	11	5	11	1	4	0	4	11	8	15	4	18	2	2	3	3	2	0	0
AG[T>A]AA	0	3	1	1	7	3	8	0	1	0	1	2	5	12	4	8	2	0	2	0	0	0	0
AG[T>A]AC	1	1	2	1	3	2	6	0	0	0	0	4	3	2	3	1	0	0	1	0	1	0	0
AG[T>A]AG	0	3	3	2	5	1	3	1	3	0	0	4	1	7	7	2	3	0	1	1	2	0	0
AG[T>A]AT	2	2	4	3	11	4	3	0	2	1	1	10	3	7	7	1	1	0	2	2	0	0	0
AG[T>A]CA	3	2	0	3	5	1	5	3	2	1	3	5	4	6	3	4	3	0	4	2	1	0	0
AG[T>A]CC	0	2	2	4	5	5	0	1	0	0	0	0	1	4	3	3	3	1	2	1	1	0	0
AG[T>A]CG	0	1	0	0	0	0	1	0	0	0	0	0	0	1	0	0	0	0	0	0	0	0	0
AG[T>A]CT	0	6	7	4	14	3	6	1	3	1	1	5	3	12	11	2	2	2	1	1	0	0	0
AG[T>A]GA	2	3	1	5	5	2	5	0	0	0	3	8	4	12	6	3	2	1	1	5	0	0	0
AG[T>A]GC	0	1	1	1	3	2	5	0	2	0	2	1	2	2	3	5	1	0	3	1	1	0	0
AG[T>A]GG	1	3	1	6	11	5	7	1	1	0	0	5	1	2	9	4	2	0	2	0	1	0	0
AG[T>A]GT	1	3	4	2	5	5	4	0	2	0	1	3	3	3	4	4	2	0	2	0	1	0	0
AG[T>A]TA	1	3	3	1	4	1	6	1	1	0	0	12	3	6	7	4	1	1	1	0	3	0	0
AG[T>A]TC	0	5	3	2	5	4	5	0	1	0	0	11	3	13	4	1	2	1	1	1	2	0	0
AG[T>A]TG	2	4	4	3	7	0	1	2	0	0	2	11	2	8	2	4	0	0	2	1	0	0	0
AG[T>A]TT	3	6	6	11	18	6	20	7	2	0	2	19	7	18	16	6	6	0	2	1	4	0	0
AG[T>C]AA	0	8	3	4	3	2	4	2	2	1	2	8	4	5	2	3	4	0	5	1	5	0	0
AG[T>C]AC	0	1	1	1	7	0	3	0	0	0	0	4	6	2	2	3	1	0	3	0	2	0	0
AG[T>C]AG	1	2	4	7	10	1	7	3	2	0	1	6	4	7	9	4	7	2	3	3	2	0	0
AG[T>C]AT	1	3	1	5	5	3	8	2	1	1	4	5	7	7	5	4	2	1	1	0	1	0	0
AG[T>C]CA	1	3	0	0	6	2	3	1	0	1	3	3	12	5	4	1	1	0	1	1	3	0	0
AG[T>C]CC	1	5	4	3	1	2	2	0	0	0	1	5	1	7	4	3	3	1	3	0	0	0	0
AG[T>C]CG	0	0	0	0	0	0	0	1	0	0	0	0	0	0	0	2	0	0	1	0	1	0	0
AG[T>C]CT	0	4	4	0	4	1	5	1	1	1	1	14	3	7	9	5	1	0	4	2	1	0	0
AG[T>C]GA	1	3	1	3	4	1	2	1	3	0	1	4	8	3	3	5	3	3	2	0	1	0	0
AG[T>C]GC	0	1	3	2	5	1	1	1	1	0	2	4	2	1	2	4	0	1	2	4	0	0	0
AG[T>C]GG	3	1	2	2	6	4	2	3	0	0	3	5	3	4	4	4	0	0	1	0	1	0	0
AG[T>C]GT	1	3	1	3	2	1	0	0	3	2	1	1	8	6	1	1	1	2	0	1	1	0	0
AG[T>C]TA	2	2	1	0	6	0	3	1	0	0	6	6	6	5	2	0	1	1	0	2	1	0	0
AG[T>C]TC	1	2	4	3	5	0	2	0	1	0	3	6	1	8	4	3	1	0	2	2	1	0	0
AG[T>C]TG	1	4	2	1	3	3	3	5	0	0	4	2	5	4	9	6	2	2	5	3	2	0	0
AG[T>C]TT	0	7	7	6	11	3	8	4	2	2	4	6	11	7	3	3	7	1	10	2	3	0	0
AG[T>G]AA	0	7	4	3	3	1	6	0	0	1	0	9	1	4	5	1	0	0	3	0	2	0	0
AG[T>G]AC	0	0	1	2	4	1	9	0	0	0	1	1	1	3	1	2	0	0	0	0	1	0	0
AG[T>G]AG	1	1	3	1	6	2	6	0	0	0	0	0	2	6	4	4	1	0	1	0	0	0	0
AG[T>G]AT	1	2	0	3	5	2	2	0	0	0	0	2	0	2	2	1	1	0	0	0	0	0	0
AG[T>G]CA	0	3	1	2	9	2	4	0	1	1	0	2	2	2	6	2	2	2	0	0	2	0	0
AG[T>G]CC	1	1	2	2	4	0	1	0	0	0	1	3	1	1	2	3	1	1	0	1	1	0	0
AG[T>G]CG	0	0	0	1	0	0	0	0	0	0	0	0	0	0	0	1	1	0	0	0	0	0	0
AG[T>G]CT	1	0	4	0	2	3	5	0	1	0	1	3	0	3	2	1	2	0	1	0	1	0	0
AG[T>G]GA	3	11	2	4	9	2	3	3	2	0	1	17	4	11	5	4	4	1	1	2	2	0	0
AG[T>G]GC	1	2	5	2	6	0	3	1	1	0	0	2	1	7	2	4	4	0	1	1	1	0	0
AG[T>G]GG	1	6	3	2	6	2	5	0	0	0	0	9	1	9	2	8	0	0	3	0	0	0	0
AG[T>G]GT	2	4	3	4	6	8	6	1	0	0	0	7	3	9	6	0	2	1	1	1	2	0	0
AG[T>G]TA	0	5	0	3	5	1	7	1	0	1	1	7	3	8	2	2	0	1	1	0	1	0	0
AG[T>G]TC	1	7	2	4	6	0	5	1	0	0	1	6	2	4	3	1	0	0	1	0	0	0	0
AG[T>G]TG	1	2	1	0	3	2	3	0	0	0	0	6	4	12	7	4	2	0	0	1	2	0	0
AG[T>G]TT	1	3	5	4	11	9	10	2	1	0	2	14	3	14	8	6	3	0	3	1	2	0	0
AT[C>A]AA	0	7	11	2	28	10	13	7	4	5	21	17	13	13	18	57	5	2	6	7	8	0	0
AT[C>A]AC	1	4	9	5	10	7	9	2	3	6	14	14	11	9	4	65	1	3	7	6	3	0	0
AT[C>A]AG	2	5	8	8	12	5	8	0	1	5	3	9	12	10	7	76	4	3	5	6	4	0	0
AT[C>A]AT	2	11	6	3	24	8	15	7	3	5	19	29	26	8	19	105	4	3	7	13	8	0	0
AT[C>A]CA	3	12	12	8	16	13	17	3	4	2	8	12	10	14	8	38	4	2	12	9	2	0	0
AT[C>A]CC	1	7	2	5	8	10	18	1	3	1	5	3	14	7	11	20	5	3	4	3	0	0	0
AT[C>A]CG	0	1	0	1	0	0	1	0	0	1	3	1	0	0	0	3	0	0	1	0	0	0	0
AT[C>A]CT	2	8	8	9	14	11	16	6	3	7	7	14	24	15	14	34	4	4	5	9	2	0	0
AT[C>A]GA	0	1	1	2	2	0	1	1	0	1	3	7	6	2	0	4	0	0	0	1	1	0	0
AT[C>A]GC	1	0	0	1	2	0	0	0	0	0	1	0	2	5	0	7	0	1	2	2	0	0	0
AT[C>A]GG	1	1	0	0	0	0	1	0	0	0	0	0	2	1	1	4	0	0	0	2	0	0	0
AT[C>A]GT	0	0	0	0	1	0	1	2	0	0	1	5	2	1	0	8	1	1	3	1	0	0	0
AT[C>A]TA	1	6	5	7	21	12	7	8	3	5	9	11	16	12	4	54	2	0	5	5	3	0	0
AT[C>A]TC	3	9	6	7	21	9	11	3	3	3	9	21	12	21	13	28	3	1	8	9	1	0	0
AT[C>A]TG	1	9	8	9	20	13	8	3	1	4	12	16	31	14	10	83	6	1	6	11	4	0	0
AT[C>A]TT	5	9	16	10	33	20	20	11	2	10	18	22	28	20	16	109	5	1	6	8	5	0	0
AT[C>G]AA	2	53	36	24	35	51	16	4	21	8	44	23	78	18	30	1089	9	7	11	61	8	0	0
AT[C>G]AC	0	10	6	6	8	12	4	1	4	2	8	7	17	4	7	162	3	1	3	10	3	0	0
AT[C>G]AG	1	6	9	5	8	23	9	2	7	1	10	10	23	11	6	477	6	0	6	26	4	0	0
AT[C>G]AT	1	20	8	5	7	21	5	1	5	1	10	3	27	16	14	362	8	2	8	24	0	0	0
AT[C>G]CA	0	14	6	14	20	13	13	4	5	3	6	14	39	23	11	182	10	1	3	16	3	0	0
AT[C>G]CC	2	10	3	5	8	8	6	1	4	3	6	10	13	8	8	49	4	3	3	5	0	0	0
AT[C>G]CG	0	0	0	0	1	0	0	0	0	0	1	2	0	1	1	15	0	0	1	1	0	0	0
AT[C>G]CT	4	11	10	10	10	11	11	3	7	5	7	9	29	14	7	107	7	5	5	9	1	0	0
AT[C>G]GA	0	2	1	0	1	2	2	0	2	0	0	0	0	0	0	30	2	0	1	1	0	0	0
AT[C>G]GC	0	3	0	0	0	0	3	1	2	0	0	1	2	0	0	10	0	0	0	1	1	0	0
AT[C>G]GG	1	2	0	0	1	0	1	0	0	0	0	1	2	0	1	10	0	0	0	0	0	0	0
AT[C>G]GT	0	1	0	0	1	2	3	0	1	0	1	3	1	2	2	12	1	0	0	0	0	0	0
AT[C>G]TA	2	31	19	11	19	34	19	6	8	4	28	15	64	15	18	647	12	3	6	44	4	0	0
AT[C>G]TC	2	16	15	20	25	27	25	1	2	1	27	12	45	16	16	380	13	6	4	38	5	0	0
AT[C>G]TG	0	22	12	16	24	36	12	1	4	5	21	14	35	28	16	566	18	3	8	40	1	0	0
AT[C>G]TT	2	35	28	17	29	69	19	4	12	5	31	28	69	33	26	823	12	2	14	67	5	0	0
AT[C>T]AA	4	18	27	8	22	27	8	5	5	5	38	40	32	16	14	671	4	4	14	35	4	0	0
AT[C>T]AC	2	10	20	10	12	21	5	1	8	2	21	26	32	12	10	599	12	3	19	46	6	0	0
AT[C>T]AG	2	17	11	13	22	21	6	4	14	2	27	36	36	17	15	959	14	8	17	75	5	0	0
AT[C>T]AT	3	15	34	12	27	22	9	2	10	8	33	35	35	18	21	875	11	3	11	66	4	0	0
AT[C>T]CA	4	10	18	6	10	8	7	5	1	4	16	23	22	9	7	218	3	0	11	17	2	0	0
AT[C>T]CC	4	17	10	4	6	10	6	1	5	4	6	16	26	7	6	154	3	3	8	20	1	0	0
AT[C>T]CG	1	1	3	1	0	1	0	0	0	0	0	3	3	2	1	54	3	0	1	4	0	0	0
AT[C>T]CT	5	17	13	7	15	12	9	9	3	6	22	28	30	21	5	183	6	2	4	21	5	0	0
AT[C>T]GA	4	8	1	1	5	1	0	4	1	6	6	2	10	4	3	54	1	1	11	10	5	0	0
AT[C>T]GC	1	7	1	6	5	3	8	3	4	3	6	2	10	9	4	82	6	4	6	13	1	0	0
AT[C>T]GG	1	3	5	4	2	5	1	0	1	1	5	4	7	1	5	68	3	1	3	10	1	0	0
AT[C>T]GT	4	4	4	2	4	2	4	2	4	0	14	7	12	6	4	90	6	3	5	13	3	0	0
AT[C>T]TA	4	4	10	2	10	12	6	1	0	3	17	22	26	4	11	252	2	2	7	19	4	0	0
AT[C>T]TC	1	4	17	8	15	12	9	3	4	3	16	27	26	15	6	332	8	1	10	33	1	0	0
AT[C>T]TG	1	18	12	8	11	20	9	5	5	4	17	41	34	12	13	519	4	4	9	43	4	0	0
AT[C>T]TT	3	13	21	9	23	16	14	7	6	3	25	36	26	18	17	434	6	3	11	31	3	0	0
AT[T>A]AA	4	5	8	1	8	1	12	4	3	2	2	12	4	13	8	3	3	1	5	2	2	0	0
AT[T>A]AC	1	3	3	0	3	0	4	4	1	0	1	4	3	3	5	2	2	1	2	0	0	0	0
AT[T>A]AG	0	2	3	3	7	0	7	2	1	0	1	4	3	4	4	1	0	0	1	0	1	0	0
AT[T>A]AT	0	4	4	3	13	3	7	2	0	1	2	10	8	11	10	4	1	0	7	1	2	0	0
AT[T>A]CA	1	1	3	3	8	3	9	2	2	0	2	5	8	7	8	0	0	2	3	1	3	0	0
AT[T>A]CC	1	2	2	3	4	1	3	0	0	0	1	1	2	4	2	4	1	2	1	2	0	0	0
AT[T>A]CG	0	0	0	0	1	0	1	0	0	0	1	0	0	0	1	0	0	0	1	0	0	0	0
AT[T>A]CT	1	8	2	6	11	4	18	4	0	0	4	17	3	10	12	3	1	1	6	4	0	0	0
AT[T>A]GA	1	0	1	4	4	3	7	0	0	0	1	4	7	5	4	1	1	1	1	1	0	0	0
AT[T>A]GC	0	1	1	1	3	1	7	1	0	0	1	2	3	1	2	2	1	0	0	0	1	0	0
AT[T>A]GG	1	2	2	1	1	0	4	0	0	0	0	5	3	4	1	3	1	0	0	0	0	0	0
AT[T>A]GT	3	2	2	4	2	2	4	0	2	2	2	4	4	3	4	4	2	1	2	1	3	0	0
AT[T>A]TA	4	6	5	5	10	5	14	4	0	0	4	25	11	15	9	4	2	1	5	1	2	0	0
AT[T>A]TC	0	4	7	2	9	4	9	1	0	0	1	8	9	10	6	4	1	2	1	0	2	0	0
AT[T>A]TG	3	8	1	5	4	3	8	6	0	1	4	9	6	7	6	3	3	1	2	0	1	0	0
AT[T>A]TT	5	14	17	18	27	10	32	4	5	2	7	32	16	28	24	12	6	4	8	3	3	0	0
AT[T>C]AA	2	2	3	0	6	3	0	1	0	2	5	3	6	5	1	3	1	2	12	0	2	0	0
AT[T>C]AC	3	0	1	1	3	1	5	1	2	0	4	0	8	3	2	3	0	1	7	0	1	0	0
AT[T>C]AG	0	3	3	4	7	0	5	2	0	0	2	3	7	1	2	1	4	0	3	0	1	0	0
AT[T>C]AT	2	3	3	4	10	5	4	4	1	0	3	3	4	10	2	1	0	0	9	1	2	0	0
AT[T>C]CA	0	1	1	0	8	2	2	3	1	1	1	2	3	4	3	4	4	1	3	2	1	0	0
AT[T>C]CC	0	0	1	1	3	2	2	0	0	0	0	6	4	0	4	1	2	1	4	2	1	0	0
AT[T>C]CG	0	1	0	0	1	0	0	0	0	0	0	0	0	0	0	0	0	0	0	0	0	0	0
AT[T>C]CT	0	3	1	5	3	3	8	1	0	0	1	8	8	4	5	1	3	1	7	1	0	0	0
AT[T>C]GA	2	1	2	2	3	1	1	0	0	0	1	1	4	0	2	2	2	1	2	1	2	0	0
AT[T>C]GC	2	1	1	0	1	1	0	0	2	0	2	1	5	3	3	3	2	0	0	1	0	0	0
AT[T>C]GG	0	0	1	1	3	0	2	1	0	1	4	4	4	5	4	4	1	0	0	0	3	0	0
AT[T>C]GT	0	2	4	3	0	1	1	0	1	0	4	4	3	2	4	2	1	0	3	0	1	0	0
AT[T>C]TA	0	1	1	2	3	0	4	0	1	2	0	4	1	4	1	4	1	0	3	0	0	0	0
AT[T>C]TC	0	0	2	4	3	0	5	2	1	0	2	6	5	1	2	1	1	0	3	2	0	0	0
AT[T>C]TG	0	4	4	3	4	3	3	5	1	0	4	8	9	8	1	4	3	2	3	3	4	0	0
AT[T>C]TT	2	3	4	6	8	5	5	2	1	0	1	6	6	9	9	1	4	0	2	1	2	0	0
AT[T>G]AA	0	7	7	4	6	3	13	2	2	3	1	11	5	11	6	3	4	0	2	2	1	0	0
AT[T>G]AC	0	2	2	2	2	4	4	1	0	0	1	2	1	3	1	2	2	0	3	0	0	0	0
AT[T>G]AG	0	1	1	3	5	3	2	0	0	0	2	3	1	3	4	4	0	0	0	0	0	0	0
AT[T>G]AT	1	7	1	1	4	4	6	1	2	2	2	2	4	6	6	2	1	0	1	1	1	0	0
AT[T>G]CA	1	3	3	2	2	3	1	1	0	0	3	6	3	3	3	2	2	1	1	0	1	0	0
AT[T>G]CC	0	1	0	1	4	0	3	1	0	0	0	4	1	4	0	3	0	1	1	0	2	0	0
AT[T>G]CG	0	0	0	0	0	0	1	0	0	0	0	0	0	0	0	0	0	0	0	0	0	0	0
AT[T>G]CT	0	5	0	1	7	1	5	1	0	0	0	7	0	1	5	0	2	0	1	1	1	0	0
AT[T>G]GA	2	4	1	3	4	2	5	1	1	0	2	3	4	11	6	3	1	1	3	1	0	0	0
AT[T>G]GC	1	3	1	1	6	1	6	0	0	0	0	3	1	2	3	0	11	2	1	0	0	0	0
AT[T>G]GG	0	1	2	0	2	0	3	0	0	1	0	3	3	1	7	0	2	0	0	0	0	0	0
AT[T>G]GT	0	4	2	1	8	2	9	1	3	0	1	6	4	11	5	3	0	0	3	2	0	0	0
AT[T>G]TA	2	9	4	8	12	5	17	2	1	0	10	8	8	16	7	6	5	0	2	0	4	0	0
AT[T>G]TC	1	3	4	2	6	2	5	0	2	2	1	7	2	7	3	5	3	0	2	1	1	0	0
AT[T>G]TG	3	6	3	1	6	6	13	1	2	0	6	8	9	10	4	4	11	1	2	3	2	0	0
AT[T>G]TT	0	8	6	4	13	4	10	4	7	1	4	13	16	17	12	6	8	0	7	0	3	0	0
CA[C>A]AA	2	11	15	8	18	5	21	6	5	2	11	18	19	21	18	21	0	1	8	2	9	0	0
CA[C>A]AC	1	5	4	3	13	4	7	2	0	1	5	13	4	15	7	3	2	0	4	0	5	0	0
CA[C>A]AG	0	9	8	3	10	6	11	3	1	2	9	7	7	11	10	7	2	1	1	0	2	0	0
CA[C>A]AT	0	5	5	5	12	4	8	2	2	1	2	13	4	12	7	5	1	2	5	2	3	0	0
CA[C>A]CA	4	12	13	7	13	7	19	1	2	1	9	15	15	23	10	10	2	2	7	1	2	0	0
CA[C>A]CC	0	5	7	4	11	2	10	6	2	0	4	6	10	9	3	2	5	4	3	4	2	0	0
CA[C>A]CG	0	1	1	1	2	0	4	0	1	0	0	1	2	1	6	0	0	0	0	0	0	0	0
CA[C>A]CT	3	12	13	7	12	5	23	6	0	2	1	33	10	18	12	5	6	0	2	3	0	0	0
CA[C>A]GA	1	0	1	1	1	0	1	0	1	0	1	1	0	2	0	3	1	0	0	0	1	0	0
CA[C>A]GC	2	1	1	0	1	1	4	1	1	1	1	6	1	0	0	2	1	1	0	3	1	0	0
CA[C>A]GG	0	0	0	1	2	2	4	0	1	0	1	2	1	2	2	1	0	1	0	2	0	0	0
CA[C>A]GT	0	0	1	0	3	0	0	2	1	0	0	3	0	2	1	0	1	0	2	2	1	0	0
CA[C>A]TA	1	4	10	1	8	3	5	0	2	0	0	7	4	8	10	2	1	0	1	0	2	0	0
CA[C>A]TC	1	1	7	3	7	3	7	1	0	0	4	7	1	5	7	6	0	0	0	2	2	0	0
CA[C>A]TG	1	10	9	3	12	6	10	5	2	1	5	12	6	8	7	9	5	1	2	3	2	0	0
CA[C>A]TT	2	10	14	8	12	10	20	5	1	2	6	15	9	16	12	4	2	3	5	0	3	0	0
CA[C>G]AA	2	14	2	5	9	5	7	0	3	0	2	13	7	13	7	25	6	0	9	3	0	0	0
CA[C>G]AC	0	2	2	1	4	3	7	0	1	0	3	5	1	8	5	14	1	1	1	0	1	0	0
CA[C>G]AG	0	8	7	9	14	5	13	4	0	1	2	14	4	10	17	28	4	1	3	2	3	0	0
CA[C>G]AT	2	4	1	3	3	3	7	2	2	0	1	5	5	4	6	9	1	0	0	3	0	0	0
CA[C>G]CA	3	10	8	3	6	5	12	1	0	3	4	13	13	9	14	13	4	1	3	5	4	0	0
CA[C>G]CC	1	1	3	6	6	0	8	0	1	0	0	4	5	4	4	7	1	0	1	2	1	0	0
CA[C>G]CG	0	2	1	1	1	1	0	0	0	1	1	2	1	1	0	2	1	1	0	1	0	0	0
CA[C>G]CT	3	5	5	4	5	1	14	0	4	1	5	12	8	9	8	7	3	0	3	1	1	0	0
CA[C>G]GA	1	0	3	0	1	0	5	1	0	0	2	6	3	1	1	2	3	0	3	0	0	0	0
CA[C>G]GC	1	4	1	1	1	1	7	0	0	0	0	7	2	3	2	2	7	0	0	0	0	0	0
CA[C>G]GG	0	1	3	2	3	0	2	0	0	0	1	5	2	1	1	6	2	0	1	0	1	0	0
CA[C>G]GT	1	2	2	2	5	3	6	0	0	1	0	3	5	2	1	2	4	0	1	0	0	0	0
CA[C>G]TA	0	15	5	6	3	5	10	1	2	1	0	7	4	9	6	9	3	1	0	2	1	0	0
CA[C>G]TC	0	6	2	7	3	3	6	0	3	0	0	6	5	8	4	13	4	0	0	0	0	0	0
CA[C>G]TG	2	8	6	6	8	6	13	2	1	4	3	7	7	13	8	25	7	2	5	4	3	0	0
CA[C>G]TT	3	12	3	7	14	8	24	3	1	0	1	11	10	12	14	14	1	2	3	3	6	0	0
CA[C>T]AA	0	5	2	3	14	3	11	2	1	0	6	13	11	9	6	14	0	0	3	2	6	0	0
CA[C>T]AC	2	2	6	3	10	5	4	2	2	6	4	8	5	6	10	27	4	2	3	1	3	0	0
CA[C>T]AG	1	4	7	4	8	2	11	2	1	4	8	5	9	7	12	34	5	1	6	4	3	0	0
CA[C>T]AT	7	12	13	2	15	10	14	5	3	1	11	21	10	21	9	29	3	2	4	3	4	0	0
CA[C>T]CA	2	4	5	2	6	8	10	1	2	0	7	1	12	9	3	11	3	4	4	5	1	0	0
CA[C>T]CC	1	11	1	1	9	2	0	3	1	1	2	7	7	6	6	22	2	1	3	3	5	0	0
CA[C>T]CG	0	0	0	2	4	1	1	1	0	0	0	0	2	2	1	3	0	0	0	1	0	0	0
CA[C>T]CT	2	5	8	3	12	1	11	3	4	2	5	6	10	11	6	16	5	3	1	2	1	0	0
CA[C>T]GA	5	8	7	3	7	7	7	6	4	10	8	7	18	6	3	14	13	8	12	10	7	0	0
CA[C>T]GC	10	5	10	7	15	10	13	10	5	7	23	11	30	20	4	36	15	9	17	11	7	0	0
CA[C>T]GG	2	8	8	4	11	7	13	10	3	8	20	9	27	18	7	21	9	9	11	4	2	0	0
CA[C>T]GT	7	9	8	9	12	7	7	8	3	11	22	10	20	18	6	22	5	5	13	8	9	0	0
CA[C>T]TA	0	1	3	2	3	3	6	0	2	1	1	7	6	6	2	5	0	0	2	3	0	0	0
CA[C>T]TC	2	6	3	3	7	2	14	0	2	3	2	9	8	12	5	12	1	0	1	2	0	0	0
CA[C>T]TG	3	5	4	9	9	5	13	5	0	0	7	11	4	10	3	28	2	2	4	8	1	0	0
CA[C>T]TT	2	6	9	7	12	9	11	4	4	6	4	13	17	19	8	10	3	0	3	5	2	0	0
CA[T>A]AA	1	9	2	1	8	4	2	0	2	0	2	6	2	5	7	6	1	2	2	0	2	0	0
CA[T>A]AC	0	2	3	0	5	1	1	0	0	0	1	3	1	1	2	1	1	0	3	0	2	0	0
CA[T>A]AG	2	1	3	3	7	0	3	1	0	0	0	2	2	2	4	0	2	0	0	1	0	0	0
CA[T>A]AT	0	3	4	1	5	2	4	3	0	3	4	2	2	3	5	2	1	1	3	2	1	0	0
CA[T>A]CA	1	1	3	1	9	1	2	3	1	1	4	7	5	4	5	3	9	3	2	2	4	0	0
CA[T>A]CC	2	1	4	2	6	2	5	0	1	1	1	6	5	5	6	5	1	0	3	2	0	0	0
CA[T>A]CG	0	0	1	0	0	1	1	0	0	0	0	0	0	1	0	1	0	0	0	1	0	0	0
CA[T>A]CT	1	6	4	6	8	1	8	3	4	1	2	9	6	8	8	8	0	1	0	3	4	0	0
CA[T>A]GA	1	2	2	2	11	4	10	3	2	1	0	6	2	8	6	2	2	0	2	1	2	0	0
CA[T>A]GC	2	0	3	1	2	0	6	0	0	0	1	1	3	6	2	1	1	1	1	2	1	0	0
CA[T>A]GG	0	1	4	4	10	3	8	1	0	1	2	2	4	5	3	1	2	1	1	0	0	0	0
CA[T>A]GT	1	0	3	3	15	1	3	2	1	0	1	8	3	5	3	4	4	1	9	0	1	0	0
CA[T>A]TA	2	2	3	2	11	2	3	1	1	0	1	4	6	8	6	0	4	0	4	2	1	0	0
CA[T>A]TC	2	4	4	1	6	2	5	2	0	0	3	5	3	3	3	3	1	3	3	1	0	0	0
CA[T>A]TG	2	2	2	2	3	2	5	4	1	0	1	3	10	5	7	2	5	0	1	0	2	0	0
CA[T>A]TT	3	6	5	6	10	4	13	1	1	2	4	13	7	14	9	2	3	0	2	2	4	0	0
CA[T>C]AA	3	1	5	1	8	2	5	4	2	0	2	4	15	9	3	2	1	1	2	0	3	0	0
CA[T>C]AC	1	4	6	1	12	2	4	4	0	0	2	1	9	3	5	3	1	2	4	1	2	0	0
CA[T>C]AG	2	6	11	1	14	2	5	1	1	3	7	9	9	7	4	9	4	5	4	2	0	0	0
CA[T>C]AT	2	3	4	5	7	3	9	2	3	0	6	9	11	8	6	4	7	2	7	1	4	0	0
CA[T>C]CA	2	2	4	3	6	5	3	2	2	1	4	7	10	4	10	5	5	1	3	1	1	0	0
CA[T>C]CC	0	6	3	0	4	2	4	2	0	1	1	5	4	4	5	5	4	1	0	2	2	0	0
CA[T>C]CG	0	0	1	0	0	0	0	0	0	0	0	2	0	0	1	1	0	0	0	0	0	0	0
CA[T>C]CT	2	3	3	3	6	1	16	0	4	2	3	8	6	15	9	4	5	0	5	4	1	0	0
CA[T>C]GA	2	8	5	5	6	3	1	0	3	0	4	5	10	7	2	4	4	1	2	3	0	0	0
CA[T>C]GC	0	2	3	0	2	4	6	2	1	3	4	6	4	3	3	4	4	0	3	2	0	0	0
CA[T>C]GG	0	8	1	4	12	1	9	1	2	1	3	3	7	11	6	5	3	1	5	2	7	0	0
CA[T>C]GT	3	2	4	3	5	6	5	4	6	2	7	6	7	7	12	14	3	2	3	0	3	0	0
CA[T>C]TA	3	2	2	3	11	3	6	0	2	0	1	12	4	7	5	6	1	1	2	1	1	0	0
CA[T>C]TC	4	4	3	3	6	2	4	3	2	1	2	8	8	8	4	2	2	1	2	1	3	0	0
CA[T>C]TG	2	9	3	8	14	7	12	5	4	2	6	9	12	9	6	8	8	3	4	3	3	0	0
CA[T>C]TT	1	7	3	2	18	9	12	7	6	2	6	7	11	18	10	10	4	1	8	2	1	0	0
CA[T>G]AA	0	4	5	1	5	0	8	1	2	0	1	2	4	4	5	4	3	1	1	1	2	0	0
CA[T>G]AC	1	1	1	0	0	1	3	0	0	0	1	0	0	1	0	0	1	0	2	0	0	0	0
CA[T>G]AG	0	3	2	1	4	0	6	1	3	0	0	3	2	2	5	1	3	0	3	0	0	0	0
CA[T>G]AT	1	4	1	3	2	0	2	1	0	0	0	1	1	3	2	1	1	0	2	0	0	0	0
CA[T>G]CA	1	3	3	0	2	0	3	2	1	0	2	3	2	2	3	3	4	0	2	3	1	0	0
CA[T>G]CC	2	1	2	1	3	1	1	1	0	0	0	2	1	4	0	6	2	1	2	0	0	0	0
CA[T>G]CG	0	3	0	0	0	0	1	0	0	0	0	0	0	1	1	1	0	0	0	0	0	0	0
CA[T>G]CT	1	2	1	0	3	4	4	2	1	1	1	3	2	2	4	2	2	0	2	2	0	0	0
CA[T>G]GA	0	3	2	5	4	4	5	0	3	0	1	2	4	5	1	1	2	0	0	0	1	0	0
CA[T>G]GC	0	5	1	5	2	5	3	0	0	1	1	2	0	5	1	2	3	0	0	0	0	0	0
CA[T>G]GG	0	2	1	2	5	1	3	1	0	0	1	5	2	4	4	2	1	0	1	0	0	0	0
CA[T>G]GT	2	4	4	3	7	4	8	1	0	0	3	3	2	5	3	2	1	1	1	1	2	0	0
CA[T>G]TA	0	2	0	1	5	3	1	1	1	1	3	4	3	4	3	2	1	0	1	0	1	0	0
CA[T>G]TC	0	1	3	1	2	1	0	0	0	0	0	3	0	6	4	1	2	1	2	0	2	0	0
CA[T>G]TG	1	3	4	0	3	3	2	0	0	0	2	2	1	1	2	1	1	0	0	0	2	0	0
CA[T>G]TT	2	3	2	3	3	2	3	0	0	2	4	1	5	4	5	2	5	1	5	0	1	0	0
CC[C>A]AA	1	7	13	9	20	5	14	1	7	8	8	15	20	17	15	7	4	5	8	7	6	0	0
CC[C>A]AC	1	11	3	5	10	3	8	0	0	3	6	8	2	9	9	11	1	0	3	1	2	0	0
CC[C>A]AG	0	1	7	13	21	8	10	3	2	7	5	18	15	16	15	16	4	2	7	7	2	0	0
CC[C>A]AT	1	7	3	3	10	4	14	2	1	4	4	11	12	16	14	6	0	1	5	2	0	0	0
CC[C>A]CA	3	6	12	8	12	4	17	2	2	3	3	18	7	21	11	14	2	0	5	2	3	0	0
CC[C>A]CC	1	3	3	0	8	2	11	1	0	0	2	7	3	10	3	4	2	1	4	1	3	0	0
CC[C>A]CG	0	0	1	0	2	3	2	1	0	0	2	0	2	1	1	2	0	0	0	1	0	0	0
CC[C>A]CT	1	3	8	1	12	5	9	3	1	0	0	13	6	13	15	1	1	0	1	2	0	0	0
CC[C>A]GA	1	1	1	4	3	0	2	0	0	0	0	3	2	1	1	2	1	0	1	1	1	0	0
CC[C>A]GC	0	0	1	1	1	0	1	0	1	0	1	1	0	1	1	1	0	0	0	0	1	0	0
CC[C>A]GG	0	0	0	2	3	2	1	0	0	0	2	7	1	1	2	6	1	0	1	1	1	0	0
CC[C>A]GT	0	1	0	1	0	0	4	1	0	0	0	2	2	2	1	3	3	0	0	2	0	0	0
CC[C>A]TA	1	4	4	0	3	1	5	1	1	1	2	6	3	7	6	5	0	0	0	0	1	0	0
CC[C>A]TC	1	3	0	0	4	4	8	5	1	2	0	8	3	7	10	3	0	0	3	0	1	0	0
CC[C>A]TG	1	3	8	3	14	5	10	1	2	4	1	10	8	13	3	8	0	2	0	1	0	0	0
CC[C>A]TT	2	13	10	7	16	1	14	0	1	3	7	19	8	13	11	8	1	1	4	0	4	0	0
CC[C>G]AA	1	9	5	5	12	10	16	0	2	0	2	9	7	7	13	43	2	0	7	2	3	0	0
CC[C>G]AC	0	2	5	2	6	3	3	2	0	1	0	7	5	2	1	3	2	1	2	0	0	0	0
CC[C>G]AG	3	6	9	7	8	5	11	0	1	0	3	7	9	10	6	42	7	1	1	2	1	0	0
CC[C>G]AT	0	5	5	3	3	3	1	0	1	0	2	6	6	5	2	8	1	1	2	3	0	0	0
CC[C>G]CA	0	5	3	3	10	6	11	3	0	1	1	11	8	9	4	10	4	0	0	1	3	0	0
CC[C>G]CC	1	3	1	1	5	2	4	0	0	0	1	8	3	6	5	7	1	0	0	0	1	0	0
CC[C>G]CG	0	0	0	2	1	1	2	0	1	0	0	1	1	1	2	3	1	0	0	1	1	0	0
CC[C>G]CT	0	12	3	3	5	7	8	1	0	0	3	7	4	10	6	5	6	1	1	1	1	0	0
CC[C>G]GA	1	1	3	0	1	0	3	0	2	0	0	6	2	1	2	3	1	1	2	0	2	0	0
CC[C>G]GC	0	0	0	0	4	3	3	0	0	0	0	3	0	2	3	1	4	0	0	0	0	0	0
CC[C>G]GG	1	3	1	1	0	2	1	0	2	0	0	1	4	2	1	5	3	0	2	0	2	0	0
CC[C>G]GT	0	0	1	0	2	1	7	0	0	0	1	3	2	2	2	6	1	0	0	0	2	0	0
CC[C>G]TA	0	5	5	1	10	10	6	0	0	1	4	2	8	5	4	20	1	0	1	5	0	0	0
CC[C>G]TC	1	3	7	4	10	6	10	0	0	0	2	8	8	12	6	17	5	1	1	3	2	0	0
CC[C>G]TG	0	5	6	6	12	2	7	1	1	3	4	10	12	7	5	24	3	1	3	0	0	0	0
CC[C>G]TT	0	6	7	3	9	5	4	1	2	0	2	3	8	15	9	22	2	1	4	3	2	0	0
CC[C>T]AA	2	3	7	3	3	5	5	3	1	1	9	9	2	5	4	43	3	1	4	6	3	0	0
CC[C>T]AC	1	6	2	2	8	5	5	3	1	2	3	6	7	14	4	52	9	0	2	8	2	0	0
CC[C>T]AG	3	11	11	5	6	8	12	5	1	0	5	13	8	13	14	120	6	6	8	21	4	0	0
CC[C>T]AT	3	2	4	6	8	4	10	4	1	3	5	10	7	5	10	49	1	0	6	4	2	0	0
CC[C>T]CA	4	5	7	5	9	2	7	2	1	2	1	8	12	8	9	26	3	1	3	4	7	0	0
CC[C>T]CC	0	2	6	1	6	3	1	2	0	0	5	5	4	5	8	21	1	3	1	1	3	0	0
CC[C>T]CG	0	1	1	0	1	0	0	0	0	1	2	0	2	0	1	11	1	0	2	0	1	0	0
CC[C>T]CT	2	8	4	6	7	4	5	2	0	1	3	3	7	12	7	20	1	3	4	1	6	0	0
CC[C>T]GA	6	4	4	3	2	5	7	4	2	4	5	9	10	6	3	16	6	3	5	4	1	0	0
CC[C>T]GC	3	1	2	3	5	2	6	3	7	3	13	9	14	7	4	43	4	8	8	5	3	0	0
CC[C>T]GG	11	5	10	2	5	7	8	10	9	4	13	6	24	15	3	51	12	3	7	11	6	0	0
CC[C>T]GT	4	6	2	7	5	3	5	4	1	2	5	6	12	4	4	17	6	1	6	6	3	0	0
CC[C>T]TA	3	0	1	2	5	2	5	2	0	1	3	8	7	5	7	13	1	1	7	1	0	0	0
CC[C>T]TC	2	5	9	2	6	5	10	7	1	1	4	10	10	12	17	22	2	1	0	5	3	0	0
CC[C>T]TG	4	4	11	3	9	7	12	4	2	3	12	4	4	10	8	31	6	2	4	5	3	0	0
CC[C>T]TT	2	6	6	4	9	4	5	1	2	4	8	9	6	9	10	28	3	2	2	5	3	0	0
CC[T>A]AA	0	1	1	3	3	3	3	0	1	0	1	6	2	3	4	3	3	0	2	3	1	0	0
CC[T>A]AC	1	2	2	2	3	2	3	0	0	0	1	1	0	5	3	2	1	0	0	0	1	0	0
CC[T>A]AG	0	1	1	2	7	2	2	0	1	0	0	2	2	3	4	1	1	0	0	1	1	0	0
CC[T>A]AT	0	2	0	1	5	1	3	0	0	0	2	6	1	7	6	1	2	0	2	0	2	0	0
CC[T>A]CA	1	5	4	6	13	4	10	1	1	0	2	6	1	11	8	4	3	2	1	2	0	0	0
CC[T>A]CC	2	5	6	5	8	5	7	2	1	0	0	14	6	11	9	2	2	0	1	3	2	0	0
CC[T>A]CG	0	1	1	1	1	0	2	1	0	0	0	2	0	1	1	3	0	0	0	0	0	0	0
CC[T>A]CT	0	3	6	8	7	6	14	3	1	2	5	7	3	10	9	4	4	0	1	2	2	0	0
CC[T>A]GA	3	10	4	1	9	1	9	1	1	1	1	16	2	6	5	3	2	0	1	2	0	0	0
CC[T>A]GC	1	3	3	4	5	7	4	0	2	0	4	2	3	5	4	1	2	0	0	2	1	0	0
CC[T>A]GG	5	4	1	6	5	4	3	1	0	0	2	4	5	11	6	2	3	0	1	1	1	0	0
CC[T>A]GT	0	4	0	4	7	3	8	0	1	1	2	5	3	4	9	1	3	0	4	1	1	0	0
CC[T>A]TA	2	2	2	1	10	1	8	1	0	0	0	6	2	4	7	0	2	0	2	0	2	0	0
CC[T>A]TC	0	2	1	3	2	2	6	0	3	1	1	4	2	1	3	3	2	0	1	1	1	0	0
CC[T>A]TG	3	6	0	0	4	1	6	0	0	0	3	9	7	3	6	2	1	0	2	1	0	0	0
CC[T>A]TT	1	10	7	6	9	5	14	1	0	1	2	15	8	12	3	2	3	1	1	2	1	0	0
CC[T>C]AA	1	2	1	1	6	3	3	0	2	0	0	4	7	4	4	1	0	0	1	0	2	0	0
CC[T>C]AC	0	0	1	2	6	1	3	0	1	0	1	5	5	1	1	2	1	0	2	2	1	0	0
CC[T>C]AG	0	5	2	2	3	3	7	1	1	1	1	7	7	9	7	4	5	1	2	3	2	0	0
CC[T>C]AT	1	8	2	0	3	2	4	1	0	0	1	6	2	1	2	4	2	1	2	2	0	0	0
CC[T>C]CA	0	1	5	4	4	7	6	0	0	0	3	7	10	10	7	4	1	0	4	1	2	0	0
CC[T>C]CC	1	2	7	2	7	3	7	2	0	2	2	12	6	12	4	6	5	1	10	3	3	0	0
CC[T>C]CG	2	0	0	2	1	0	0	0	0	0	0	0	1	0	0	2	1	0	1	0	0	0	0
CC[T>C]CT	2	3	2	5	12	3	13	0	0	4	3	11	3	11	11	9	2	1	1	1	2	0	0
CC[T>C]GA	0	3	1	4	8	5	2	1	1	0	3	7	8	2	7	8	3	0	2	1	1	0	0
CC[T>C]GC	0	3	2	4	3	2	5	1	1	0	4	4	6	1	6	6	3	0	0	0	1	0	0
CC[T>C]GG	3	2	4	4	11	1	5	1	2	1	0	4	5	5	4	13	3	2	3	5	4	0	0
CC[T>C]GT	0	3	2	2	5	3	6	2	2	2	2	6	5	4	3	8	5	0	0	3	0	0	0
CC[T>C]TA	0	2	1	3	3	2	4	0	0	0	3	1	1	5	2	0	0	1	1	0	1	0	0
CC[T>C]TC	0	3	5	5	7	2	1	1	0	2	0	2	3	9	5	5	0	0	0	1	1	0	0
CC[T>C]TG	2	3	3	2	8	4	2	3	3	1	3	7	4	5	5	2	1	0	0	0	2	0	0
CC[T>C]TT	2	2	6	2	8	1	3	3	3	1	5	8	22	7	6	10	4	1	1	1	0	0	0
CC[T>G]AA	0	3	0	0	1	0	5	0	1	0	1	5	2	5	2	0	1	0	2	1	1	0	0
CC[T>G]AC	0	1	0	2	1	0	0	0	0	0	0	2	1	0	0	0	0	0	0	0	0	0	0
CC[T>G]AG	0	1	2	2	1	0	3	1	0	0	3	3	0	2	3	1	1	0	1	0	1	0	0
CC[T>G]AT	0	2	2	1	0	2	1	0	0	0	1	1	1	2	1	0	0	1	0	0	0	0	0
CC[T>G]CA	1	4	4	1	4	1	4	2	2	0	2	3	3	7	5	3	2	0	1	0	1	0	0
CC[T>G]CC	0	2	1	4	2	1	2	0	0	0	0	2	1	1	0	9	3	0	0	1	0	0	0
CC[T>G]CG	0	0	1	0	0	0	0	1	0	0	0	0	0	2	1	1	2	0	0	0	0	0	0
CC[T>G]CT	1	1	3	4	5	1	2	0	1	1	0	3	6	7	1	1	2	0	1	1	1	0	0
CC[T>G]GA	0	4	2	2	2	5	2	1	3	0	1	4	6	6	4	1	2	0	2	0	3	0	0
CC[T>G]GC	0	3	1	2	4	0	4	1	0	0	1	5	3	4	1	4	4	0	0	1	0	0	0
CC[T>G]GG	1	2	6	2	3	3	5	1	0	0	0	4	6	7	1	4	6	0	0	0	0	0	0
CC[T>G]GT	0	4	6	1	10	5	5	0	1	0	1	7	2	6	2	1	3	1	1	0	0	0	0
CC[T>G]TA	0	4	0	1	4	1	7	0	1	0	0	2	4	3	2	2	1	0	4	0	2	0	0
CC[T>G]TC	0	4	3	0	5	1	1	1	1	0	1	4	2	7	4	0	0	0	1	0	0	0	0
CC[T>G]TG	0	3	2	2	3	1	1	1	0	1	0	3	4	3	1	2	2	1	0	1	1	0	0
CC[T>G]TT	2	5	4	6	11	3	8	2	0	1	3	4	1	6	7	3	2	0	5	0	0	0	0
CG[C>A]AA	0	1	0	0	0	1	1	0	0	0	1	0	0	0	1	2	0	0	0	0	0	0	0
CG[C>A]AC	0	0	0	0	1	0	1	0	0	0	0	0	1	2	0	0	0	0	0	0	0	0	0
CG[C>A]AG	0	1	0	1	0	0	1	0	0	0	0	1	0	0	1	4	0	0	0	0	0	0	0
CG[C>A]AT	0	0	0	1	0	0	1	0	0	0	0	1	1	1	1	2	0	1	0	0	0	0	0
CG[C>A]CA	0	0	2	0	0	0	2	0	0	0	0	0	1	3	3	1	0	0	0	1	0	0	0
CG[C>A]CC	0	1	0	1	3	0	1	0	0	0	1	0	1	1	1	0	1	0	1	0	0	0	0
CG[C>A]CG	0	0	0	0	1	0	0	0	0	0	0	0	0	0	0	1	0	0	0	0	0	0	0
CG[C>A]CT	1	2	1	2	4	0	5	1	0	0	0	1	0	5	4	1	1	1	1	3	0	0	0
CG[C>A]GA	0	0	0	0	0	1	1	0	0	0	0	0	0	0	0	0	0	0	0	0	0	0	0
CG[C>A]GC	0	1	0	1	0	0	0	0	1	0	0	1	0	0	1	1	1	0	0	0	0	0	0
CG[C>A]GG	0	0	0	0	1	0	0	0	0	0	0	0	0	1	0	1	0	0	0	0	0	0	0
CG[C>A]GT	0	0	0	0	0	0	0	0	0	0	0	1	0	0	0	2	0	0	0	1	1	0	0
CG[C>A]TA	0	0	0	0	3	0	0	1	0	0	0	1	0	0	1	0	1	0	0	0	0	0	0
CG[C>A]TC	0	0	0	0	1	0	0	0	0	0	1	2	1	2	0	1	0	0	0	0	0	0	0
CG[C>A]TG	0	0	0	0	0	0	0	0	0	0	0	1	0	2	1	0	0	0	1	0	1	0	0
CG[C>A]TT	0	0	0	0	0	0	1	0	0	0	1	1	0	1	1	1	1	0	0	1	0	0	0
CG[C>G]AA	0	2	1	0	0	0	0	0	0	0	0	0	0	0	0	2	0	0	0	0	0	0	0
CG[C>G]AC	0	0	0	0	0	0	0	0	0	0	0	0	0	0	0	0	0	0	0	0	0	0	0
CG[C>G]AG	0	0	2	0	0	0	1	0	1	0	0	0	0	1	1	3	0	0	1	0	0	0	0
CG[C>G]AT	0	0	0	0	1	0	0	0	1	0	0	0	0	0	0	1	0	0	0	0	0	0	0
CG[C>G]CA	0	1	0	0	0	0	2	0	0	0	2	1	0	2	2	0	0	0	0	1	0	0	0
CG[C>G]CC	1	0	0	1	0	0	1	0	0	0	0	2	0	0	2	1	0	0	1	0	0	0	0
CG[C>G]CG	0	0	0	0	0	0	0	0	0	0	0	0	0	0	0	0	0	1	0	0	0	0	0
CG[C>G]CT	0	1	0	0	0	0	1	0	0	0	0	2	3	3	1	1	0	0	1	0	0	0	0
CG[C>G]GA	1	0	0	1	0	0	0	0	0	0	0	1	0	0	0	0	0	1	0	1	0	0	0
CG[C>G]GC	0	0	0	0	0	0	1	0	0	0	0	1	0	0	1	2	0	0	0	0	0	0	0
CG[C>G]GG	0	0	0	0	0	0	0	0	0	0	0	0	0	0	0	0	0	1	0	0	0	0	0
CG[C>G]GT	0	1	0	0	1	0	2	0	0	0	0	0	0	1	0	0	0	0	0	0	0	0	0
CG[C>G]TA	0	0	1	0	0	1	1	0	0	0	0	0	0	0	1	1	0	0	0	0	0	0	0
CG[C>G]TC	0	0	0	0	1	0	0	0	0	0	0	1	0	2	1	2	0	0	0	0	0	0	0
CG[C>G]TG	0	0	1	1	0	0	0	0	0	0	0	0	0	0	2	0	0	0	1	1	0	0	0
CG[C>G]TT	0	1	1	0	1	1	3	0	0	0	0	0	0	0	1	0	0	0	0	0	0	0	0
CG[C>T]AA	0	2	2	0	1	0	0	0	0	0	1	1	1	0	0	4	1	0	0	0	1	0	0
CG[C>T]AC	0	1	1	1	0	0	1	0	0	0	1	1	0	1	2	5	0	0	0	0	0	0	0
CG[C>T]AG	0	1	0	0	2	0	1	0	0	0	0	1	2	0	1	6	0	1	0	1	2	0	0
CG[C>T]AT	0	1	0	0	2	2	1	0	1	0	2	0	0	1	0	2	0	1	0	1	0	0	0
CG[C>T]CA	1	0	0	0	1	0	0	1	0	0	0	0	2	1	0	4	0	3	1	0	0	0	0
CG[C>T]CC	0	2	3	3	0	1	0	0	0	0	1	0	1	0	1	7	1	0	0	0	0	0	0
CG[C>T]CG	0	0	0	1	0	0	1	0	0	0	0	0	0	0	0	3	0	1	0	0	0	0	0
CG[C>T]CT	1	2	2	1	3	0	3	0	0	1	1	5	5	0	2	6	1	3	4	2	2	0	0
CG[C>T]GA	0	1	1	1	0	2	0	1	1	3	1	1	5	2	1	5	2	1	2	3	2	0	0
CG[C>T]GC	1	0	1	2	3	3	4	1	0	0	6	4	6	4	1	14	6	3	1	4	3	0	0
CG[C>T]GG	2	0	1	1	4	0	4	5	1	4	6	4	5	5	1	15	3	0	3	3	1	0	0
CG[C>T]GT	1	2	0	0	2	1	1	0	1	0	2	2	5	1	0	10	1	0	3	1	2	0	0
CG[C>T]TA	0	1	0	0	1	1	2	0	0	0	0	0	1	0	1	1	0	0	0	0	0	0	0
CG[C>T]TC	0	1	0	0	1	2	0	2	0	0	1	2	0	0	2	2	1	0	1	0	1	0	0
CG[C>T]TG	0	2	2	0	0	0	2	0	0	0	1	3	1	1	1	8	1	0	0	1	0	0	0
CG[C>T]TT	1	0	0	1	3	0	1	1	0	0	0	1	1	2	0	4	0	0	0	0	0	0	0
CG[T>A]AA	0	0	0	1	1	1	0	0	1	0	1	0	0	1	1	0	0	0	0	0	0	0	0
CG[T>A]AC	0	0	0	0	1	0	0	0	0	0	0	0	0	0	0	0	1	0	1	0	0	0	0
CG[T>A]AG	0	0	1	0	0	0	0	0	0	0	0	1	0	1	1	0	0	0	0	0	0	0	0
CG[T>A]AT	0	0	0	0	0	0	0	0	0	0	0	1	0	0	0	0	1	0	0	0	0	0	0
CG[T>A]CA	0	1	0	0	1	0	0	0	0	1	0	1	0	1	1	0	0	0	0	0	0	0	0
CG[T>A]CC	0	0	0	0	0	0	0	0	0	0	0	1	0	1	1	0	0	0	0	0	0	0	0
CG[T>A]CG	0	0	0	0	1	0	0	0	0	0	1	0	0	1	0	0	0	0	0	0	0	0	0
CG[T>A]CT	0	2	2	0	0	1	1	1	0	0	0	0	0	0	1	0	0	0	1	0	0	0	0
CG[T>A]GA	0	0	0	0	1	0	0	0	0	0	0	2	0	4	0	0	1	0	0	0	0	0	0
CG[T>A]GC	0	0	0	0	0	0	1	0	0	1	0	1	0	0	1	1	0	0	0	1	1	0	0
CG[T>A]GG	0	0	1	0	1	0	1	0	0	0	1	0	1	0	1	1	0	0	0	0	0	0	0
CG[T>A]GT	0	0	0	0	0	0	0	0	0	0	0	1	1	1	1	1	0	0	0	0	0	0	0
CG[T>A]TA	0	0	2	3	0	0	0	0	0	0	1	0	0	1	2	0	0	0	0	0	0	0	0
CG[T>A]TC	0	0	0	2	0	0	1	0	0	0	0	0	0	0	1	0	0	0	0	0	0	0	0
CG[T>A]TG	0	0	0	0	0	0	1	0	0	0	0	1	0	1	2	0	0	0	0	1	0	0	0
CG[T>A]TT	1	0	1	1	0	1	0	0	0	1	0	0	1	3	0	0	0	0	0	0	0	0	0
CG[T>C]AA	0	0	0	1	2	0	1	1	0	0	0	1	1	0	0	0	0	0	0	0	0	0	0
CG[T>C]AC	0	1	1	0	0	0	1	0	0	0	0	0	0	0	0	0	1	0	0	0	0	0	0
CG[T>C]AG	0	0	2	0	0	2	1	0	0	0	1	1	0	3	2	0	0	0	0	1	0	0	0
CG[T>C]AT	1	0	0	1	1	0	0	1	0	0	0	0	1	0	0	0	0	0	1	0	0	0	0
CG[T>C]CA	0	0	0	0	0	2	0	0	0	0	0	1	0	0	1	1	0	0	0	1	0	0	0
CG[T>C]CC	0	0	2	0	1	0	1	0	0	0	0	0	0	1	1	4	0	0	0	1	0	0	0
CG[T>C]CG	0	0	0	0	0	0	0	0	0	0	0	0	0	0	0	0	0	0	0	0	1	0	0
CG[T>C]CT	1	0	1	3	1	0	2	0	1	2	0	3	2	1	2	2	2	0	0	0	1	0	0
CG[T>C]GA	0	0	1	0	0	0	0	0	0	0	0	1	1	2	0	1	0	0	1	0	0	0	0
CG[T>C]GC	1	0	1	0	0	0	1	0	0	0	0	0	0	0	0	2	1	0	0	0	0	0	0
CG[T>C]GG	0	0	0	2	3	3	3	0	0	0	0	2	1	0	1	1	0	0	2	0	0	0	0
CG[T>C]GT	1	0	0	0	1	0	0	0	0	0	0	1	0	0	0	0	1	0	0	0	1	0	0
CG[T>C]TA	0	0	0	0	0	1	0	1	1	0	0	1	0	1	1	0	0	0	0	1	0	0	0
CG[T>C]TC	0	0	0	0	1	0	0	0	0	0	0	1	0	0	1	1	0	1	0	1	1	0	0
CG[T>C]TG	0	1	1	0	2	0	1	2	0	0	0	1	2	2	0	0	1	0	0	0	1	0	0
CG[T>C]TT	0	0	1	0	2	0	2	0	0	0	0	1	0	0	0	1	0	0	0	0	1	0	0
CG[T>G]AA	0	0	0	1	1	0	1	0	0	0	0	0	0	1	1	0	0	0	1	0	0	0	0
CG[T>G]AC	0	0	0	0	0	0	1	0	0	0	0	0	1	0	1	0	0	0	1	1	0	0	0
CG[T>G]AG	0	1	1	0	0	0	0	0	0	0	0	0	0	0	0	1	0	0	0	0	0	0	0
CG[T>G]AT	0	0	0	0	0	1	1	0	0	0	0	0	2	1	0	0	0	0	0	0	0	0	0
CG[T>G]CA	0	0	1	0	0	0	0	0	0	0	0	0	0	1	0	0	0	0	0	0	0	0	0
CG[T>G]CC	0	0	0	0	0	1	1	0	0	0	0	0	0	0	0	0	0	0	0	0	0	0	0
CG[T>G]CG	0	0	0	0	0	0	0	0	0	0	0	0	0	0	0	0	0	0	0	0	0	0	0
CG[T>G]CT	0	0	0	0	1	0	0	0	0	0	0	0	1	0	1	0	0	0	0	0	0	0	0
CG[T>G]GA	0	1	1	0	0	1	2	0	0	0	0	3	0	1	0	0	2	0	1	0	0	0	0
CG[T>G]GC	0	1	0	0	0	0	1	0	1	0	0	3	1	0	0	0	2	0	0	0	0	0	0
CG[T>G]GG	0	0	0	1	0	0	2	1	0	0	0	1	1	0	0	0	1	0	0	0	0	0	0
CG[T>G]GT	0	0	0	0	1	0	0	0	0	0	0	0	0	1	0	0	0	0	0	0	0	0	0
CG[T>G]TA	0	0	0	0	0	0	1	0	0	0	1	0	0	0	0	0	0	0	0	0	0	0	0
CG[T>G]TC	0	1	0	0	0	0	0	0	0	0	0	1	0	0	0	0	0	0	0	0	0	0	0
CG[T>G]TG	0	0	0	0	0	0	0	0	0	0	0	1	0	1	1	1	0	0	0	0	0	0	0
CG[T>G]TT	0	0	0	1	0	2	1	0	0	0	0	1	1	0	0	0	0	0	0	0	0	0	0
CT[C>A]AA	2	6	10	6	19	6	10	3	3	4	15	10	9	16	9	150	4	1	5	12	8	0	0
CT[C>A]AC	4	1	4	3	7	14	0	3	4	1	3	5	3	8	7	194	3	1	5	13	2	0	0
CT[C>A]AG	4	4	13	6	20	8	6	2	1	2	4	7	8	11	9	208	2	1	5	30	2	0	0
CT[C>A]AT	1	5	5	4	12	20	9	3	3	5	6	9	11	4	8	186	7	4	3	15	5	0	0
CT[C>A]CA	2	11	5	3	19	8	7	6	3	2	7	7	17	17	11	83	5	0	2	6	4	0	0
CT[C>A]CC	2	6	10	6	11	5	10	0	2	2	4	9	9	7	11	60	7	3	2	7	2	0	0
CT[C>A]CG	1	0	0	0	1	0	4	0	0	0	1	1	5	3	2	19	1	0	0	5	0	0	0
CT[C>A]CT	1	6	11	7	11	18	9	4	5	2	13	9	15	16	16	125	6	3	4	5	1	0	0
CT[C>A]GA	0	1	1	1	2	2	1	1	0	0	3	1	1	2	0	5	1	0	1	0	0	0	0
CT[C>A]GC	0	0	0	0	1	0	1	0	0	0	0	2	0	0	0	9	1	0	1	1	1	0	0
CT[C>A]GG	0	1	1	0	3	2	2	0	1	0	1	3	0	0	1	21	1	0	2	4	0	0	0
CT[C>A]GT	1	0	0	0	1	0	0	0	2	0	0	0	0	0	2	14	1	0	1	0	2	0	0
CT[C>A]TA	1	4	6	1	11	1	5	2	0	2	5	13	8	18	7	41	2	2	10	5	4	0	0
CT[C>A]TC	2	3	8	1	14	3	4	3	1	2	1	5	7	14	12	25	3	0	4	3	2	0	0
CT[C>A]TG	2	5	8	3	9	9	6	5	4	0	5	15	9	13	7	109	1	1	2	11	5	0	0
CT[C>A]TT	2	4	1	8	19	11	14	4	1	2	8	17	12	21	10	75	2	0	7	7	4	0	0
CT[C>G]AA	2	34	14	21	29	86	15	2	34	3	14	17	64	15	50	2443	28	13	17	175	7	0	0
CT[C>G]AC	2	4	3	14	4	15	7	1	4	0	4	7	7	7	10	501	5	6	1	43	1	0	0
CT[C>G]AG	0	9	11	19	14	52	15	0	14	3	11	5	24	10	34	1535	30	15	9	123	8	0	0
CT[C>G]AT	0	8	7	10	8	24	9	1	8	0	5	2	11	10	18	755	11	6	6	53	3	0	0
CT[C>G]CA	2	26	14	13	16	28	11	4	6	3	15	18	34	13	29	572	11	1	7	35	3	0	0
CT[C>G]CC	1	7	1	5	16	12	6	1	4	0	1	10	11	8	8	186	9	3	3	16	1	0	0
CT[C>G]CG	0	1	4	3	2	2	1	0	0	0	1	3	1	1	4	73	4	1	0	9	0	0	0
CT[C>G]CT	2	13	15	9	17	18	18	3	7	0	3	12	26	16	21	366	12	6	4	42	3	0	0
CT[C>G]GA	1	3	2	2	1	2	6	1	0	0	2	2	3	2	5	94	2	1	1	4	2	0	0
CT[C>G]GC	1	0	1	1	0	3	2	0	2	0	1	1	2	2	1	40	5	0	0	2	0	0	0
CT[C>G]GG	0	3	0	0	1	2	2	0	0	0	1	1	1	2	1	65	2	1	0	6	1	0	0
CT[C>G]GT	1	1	1	4	0	1	1	0	1	0	0	2	4	0	1	41	2	0	0	4	2	0	0
CT[C>G]TA	2	20	16	12	25	47	12	6	14	6	11	7	47	12	38	1281	15	12	11	78	5	0	0
CT[C>G]TC	0	14	17	14	21	49	18	4	6	1	13	13	25	19	17	754	8	2	3	63	1	0	0
CT[C>G]TG	1	21	5	21	23	52	21	4	19	2	7	25	21	25	30	1579	33	8	10	119	4	0	0
CT[C>G]TT	3	29	17	19	31	55	27	6	23	5	21	15	38	17	43	1561	24	9	15	108	10	0	0
CT[C>T]AA	5	9	11	7	13	24	7	4	5	3	13	20	8	11	15	1149	7	4	12	83	6	0	0
CT[C>T]AC	2	8	7	19	15	31	5	2	4	3	15	11	13	8	10	1357	15	8	15	113	5	0	0
CT[C>T]AG	6	6	8	16	23	60	7	2	22	4	12	18	20	10	30	2969	22	12	31	247	9	0	0
CT[C>T]AT	5	11	12	5	5	36	6	10	12	4	20	11	22	12	20	1554	16	9	32	118	10	0	0
CT[C>T]CA	6	6	7	6	10	5	3	4	4	2	19	14	17	8	11	346	7	2	10	36	4	0	0
CT[C>T]CC	3	11	14	5	26	15	10	3	4	1	10	19	17	9	15	434	7	5	9	35	7	0	0
CT[C>T]CG	1	1	3	1	2	3	0	0	1	0	0	2	3	1	2	122	1	1	1	7	1	0	0
CT[C>T]CT	7	14	19	5	16	16	4	4	5	1	16	21	20	16	15	486	7	8	18	44	7	0	0
CT[C>T]GA	1	4	4	2	5	3	3	1	1	2	6	4	7	5	5	131	5	1	3	10	2	0	0
CT[C>T]GC	2	2	4	2	5	5	4	3	4	1	8	5	11	4	2	250	4	3	6	18	0	0	0
CT[C>T]GG	7	1	2	2	3	7	6	6	4	7	5	9	25	6	6	411	12	11	10	31	1	0	0
CT[C>T]GT	3	4	5	5	1	4	7	3	2	0	5	2	7	8	4	211	4	3	6	26	1	0	0
CT[C>T]TA	1	5	9	1	7	11	3	3	3	5	11	10	8	5	8	505	2	3	8	41	1	0	0
CT[C>T]TC	2	3	12	7	9	10	9	3	4	5	11	13	13	9	13	541	4	1	10	37	4	0	0
CT[C>T]TG	3	8	11	5	12	18	4	4	9	1	11	14	13	13	17	1189	12	4	16	88	6	0	0
CT[C>T]TT	1	11	12	8	10	22	12	5	7	3	18	22	25	14	13	766	11	4	12	43	3	0	0
CT[T>A]AA	3	9	4	1	2	3	3	1	3	1	0	3	2	7	3	2	2	0	0	0	0	0	0
CT[T>A]AC	0	2	1	2	3	1	3	0	0	0	0	2	2	3	4	3	3	0	2	1	2	0	0
CT[T>A]AG	1	2	1	0	8	1	3	1	0	0	1	3	5	2	2	1	0	0	1	2	0	0	0
CT[T>A]AT	0	4	0	2	5	2	8	0	0	0	0	2	1	3	4	1	0	0	0	1	1	0	0
CT[T>A]CA	0	3	3	0	7	3	5	2	0	0	0	4	5	7	3	2	1	2	0	0	1	0	0
CT[T>A]CC	1	2	1	2	10	0	3	3	1	0	1	4	9	10	5	0	0	2	4	3	1	0	0
CT[T>A]CG	0	0	0	0	0	0	0	0	0	0	0	0	0	1	0	0	0	0	0	0	0	0	0
CT[T>A]CT	0	1	2	4	10	3	8	1	0	0	2	5	5	5	8	5	1	0	5	0	0	0	0
CT[T>A]GA	0	4	3	2	9	1	3	3	0	1	0	1	3	5	2	3	1	0	0	3	0	0	0
CT[T>A]GC	0	1	0	1	0	0	5	0	0	0	0	2	2	1	2	1	0	0	0	1	0	0	0
CT[T>A]GG	0	2	2	1	4	1	1	0	1	2	1	2	1	4	2	1	1	1	0	1	1	0	0
CT[T>A]GT	2	2	1	0	4	0	4	0	1	0	1	6	2	5	3	2	1	0	1	0	0	0	0
CT[T>A]TA	0	6	1	1	9	3	5	0	1	0	0	3	1	9	9	1	0	0	1	0	1	0	0
CT[T>A]TC	1	1	1	2	5	1	9	0	0	0	2	1	3	4	7	2	0	0	4	0	1	0	0
CT[T>A]TG	0	2	5	4	9	4	9	1	1	0	0	4	3	1	3	2	3	0	1	1	1	0	0
CT[T>A]TT	0	2	7	6	15	2	22	3	2	1	0	13	8	10	10	3	2	2	0	1	3	0	0
CT[T>C]AA	0	1	2	2	8	2	3	3	0	0	0	1	2	6	3	0	2	0	3	0	0	0	0
CT[T>C]AC	0	3	2	0	5	0	1	1	0	0	0	1	4	3	5	1	1	0	1	1	0	0	0
CT[T>C]AG	0	2	2	2	6	1	3	0	0	1	1	5	3	7	2	0	5	0	2	3	2	0	0
CT[T>C]AT	2	0	2	2	7	3	4	1	0	0	3	6	8	7	5	3	0	1	5	2	1	0	0
CT[T>C]CA	3	5	2	2	5	0	5	3	1	0	4	4	3	3	1	1	2	0	5	1	0	0	0
CT[T>C]CC	0	4	0	4	3	5	8	3	1	1	2	9	2	2	4	8	2	1	1	2	0	0	0
CT[T>C]CG	0	0	0	0	0	0	0	0	0	0	1	3	0	0	1	0	0	0	1	1	0	0	0
CT[T>C]CT	0	5	3	3	2	6	14	2	0	0	2	7	3	4	5	1	1	0	4	1	5	0	0
CT[T>C]GA	2	0	1	1	3	1	3	0	0	1	1	5	3	0	3	4	0	0	0	1	2	0	0
CT[T>C]GC	0	3	2	0	4	2	2	0	0	1	2	1	1	2	0	3	0	0	2	0	0	0	0
CT[T>C]GG	1	2	2	1	2	0	1	0	0	0	2	7	1	2	2	4	1	0	2	1	2	0	0
CT[T>C]GT	1	2	2	2	3	4	5	0	1	0	1	3	3	2	3	1	0	0	0	4	0	0	0
CT[T>C]TA	1	2	0	1	3	2	2	2	0	0	4	6	0	6	1	2	0	1	1	1	2	0	0
CT[T>C]TC	2	2	5	0	7	2	6	2	1	0	1	8	4	6	3	6	3	0	1	2	1	0	0
CT[T>C]TG	1	5	2	5	6	2	2	4	1	2	2	8	3	6	1	4	6	1	3	3	1	0	0
CT[T>C]TT	0	4	3	3	10	6	4	3	0	3	9	9	13	11	8	3	0	0	5	0	3	0	0
CT[T>G]AA	0	6	1	1	6	0	6	0	1	0	2	3	1	6	4	0	1	0	0	0	2	0	0
CT[T>G]AC	0	1	3	1	3	0	1	1	1	0	1	1	0	2	0	0	0	0	2	0	0	0	0
CT[T>G]AG	1	0	1	2	1	0	2	0	0	0	0	1	1	3	1	1	2	0	1	0	0	0	0
CT[T>G]AT	0	0	1	2	4	1	2	0	0	0	2	3	4	1	0	1	0	0	1	0	0	0	0
CT[T>G]CA	1	2	4	0	5	2	3	3	0	0	1	5	2	4	2	2	1	1	5	0	0	0	0
CT[T>G]CC	1	1	3	0	2	0	4	0	0	0	1	4	0	3	3	5	4	0	0	0	1	0	0
CT[T>G]CG	0	0	1	0	1	0	0	0	0	0	0	1	0	0	0	0	0	0	0	0	0	0	0
CT[T>G]CT	0	4	2	0	9	0	2	0	3	3	6	3	3	4	2	0	3	1	0	0	3	0	0
CT[T>G]GA	0	1	2	3	7	5	7	0	0	0	2	5	2	2	6	4	3	1	2	1	1	0	0
CT[T>G]GC	0	2	1	3	2	3	3	0	0	0	1	2	2	8	3	0	3	1	1	0	1	0	0
CT[T>G]GG	1	0	1	2	4	1	3	0	1	1	1	1	1	1	1	5	0	1	0	0	0	0	0
CT[T>G]GT	0	2	1	2	6	4	4	1	0	1	2	2	0	3	5	0	2	0	2	0	0	0	0
CT[T>G]TA	1	2	3	4	7	4	3	3	0	0	4	5	3	4	4	3	2	0	2	0	0	0	0
CT[T>G]TC	1	5	2	4	4	1	6	1	1	0	1	1	1	5	1	5	1	0	0	0	0	0	0
CT[T>G]TG	0	4	1	1	2	4	6	1	3	1	3	2	1	8	6	4	2	0	1	0	1	0	0
CT[T>G]TT	3	2	3	3	11	6	13	0	1	0	3	14	6	9	9	7	2	1	2	2	1	0	0
GA[C>A]AA	1	7	10	7	27	5	26	3	1	3	5	22	4	20	4	15	9	2	3	4	5	0	0
GA[C>A]AC	0	7	2	4	7	3	8	1	0	0	6	4	3	4	1	5	1	0	0	0	2	0	0
GA[C>A]AG	2	3	8	2	8	6	5	4	1	1	6	8	4	10	5	3	1	2	2	1	3	0	0
GA[C>A]AT	2	0	1	1	7	3	5	1	0	0	3	6	5	9	4	7	2	1	0	1	2	0	0
GA[C>A]CA	2	11	7	2	12	4	11	3	2	0	2	15	8	6	3	4	1	3	4	2	6	0	0
GA[C>A]CC	0	5	9	4	8	4	5	2	2	1	2	5	6	10	8	2	3	0	1	2	3	0	0
GA[C>A]CG	0	2	1	0	2	0	2	0	1	0	0	0	1	1	2	0	0	0	1	0	0	0	0
GA[C>A]CT	2	3	8	5	14	4	14	1	1	0	1	7	7	10	8	3	6	3	0	1	1	0	0
GA[C>A]GA	0	1	0	1	1	1	1	1	0	0	0	1	1	0	1	0	2	0	0	1	0	0	0
GA[C>A]GC	0	0	0	0	2	1	1	0	0	0	0	1	1	1	0	0	1	0	1	0	1	0	0
GA[C>A]GG	0	1	1	1	2	0	2	0	0	0	0	3	1	0	1	3	2	0	0	0	0	0	0
GA[C>A]GT	0	0	1	2	2	0	4	0	0	0	0	0	1	2	0	0	3	0	0	0	1	0	0
GA[C>A]TA	1	3	3	1	9	1	8	1	1	0	0	7	5	11	6	1	2	1	1	3	0	0	0
GA[C>A]TC	1	2	3	2	7	4	8	1	0	3	2	7	0	5	5	2	4	1	2	0	2	0	0
GA[C>A]TG	0	0	8	1	6	3	7	1	1	1	1	7	9	6	8	3	2	0	2	1	2	0	0
GA[C>A]TT	1	5	8	5	9	2	22	5	1	4	1	17	11	15	9	5	3	1	3	4	0	0	0
GA[C>G]AA	0	7	0	8	6	4	9	2	2	0	2	7	7	7	5	9	8	1	0	0	1	0	0
GA[C>G]AC	0	1	0	0	3	0	3	1	0	0	1	5	4	2	1	2	0	1	1	0	0	0	0
GA[C>G]AG	3	9	2	6	15	4	18	1	1	2	0	14	9	11	2	12	6	0	0	3	1	0	0
GA[C>G]AT	0	3	0	2	3	0	8	1	2	1	2	3	3	5	2	4	3	0	3	1	1	0	0
GA[C>G]CA	0	3	1	4	8	3	4	2	1	0	3	5	8	9	6	7	3	0	1	2	1	0	0
GA[C>G]CC	1	1	2	1	4	2	6	0	0	0	1	3	4	2	4	4	2	0	0	1	1	0	0
GA[C>G]CG	0	0	0	2	1	0	0	0	0	1	0	1	0	2	2	1	0	0	0	1	0	0	0
GA[C>G]CT	0	1	2	3	8	2	2	1	0	0	0	5	3	5	4	3	1	0	3	2	1	0	0
GA[C>G]GA	1	0	1	1	0	1	3	2	0	0	0	5	1	2	4	0	2	0	0	1	0	0	0
GA[C>G]GC	0	0	0	1	0	0	0	0	0	0	1	0	0	0	3	0	1	0	0	0	0	0	0
GA[C>G]GG	0	1	1	0	0	0	2	0	0	0	0	2	0	2	0	2	3	0	0	0	0	0	0
GA[C>G]GT	0	0	1	2	1	1	2	1	0	0	1	4	1	1	2	1	1	0	0	0	0	0	0
GA[C>G]TA	0	1	2	4	9	6	3	1	0	0	1	4	5	1	1	8	1	0	1	3	0	0	0
GA[C>G]TC	0	4	1	2	3	3	5	0	0	0	0	2	5	4	1	9	1	0	4	3	1	0	0
GA[C>G]TG	0	3	3	7	2	7	7	3	2	1	1	5	6	5	5	6	3	1	0	1	2	0	0
GA[C>G]TT	2	6	1	3	4	1	10	1	1	3	3	9	7	6	5	7	3	0	4	1	0	0	0
GA[C>T]AA	5	3	7	3	2	3	6	2	1	2	2	8	3	4	2	9	0	1	3	0	2	0	0
GA[C>T]AC	1	5	5	2	7	2	4	2	0	4	3	7	7	7	3	3	4	0	0	1	3	0	0
GA[C>T]AG	1	3	5	2	6	0	4	2	0	0	4	4	4	5	1	17	3	1	3	3	1	0	0
GA[C>T]AT	0	6	9	4	8	4	15	6	2	3	7	23	17	12	13	20	5	2	6	5	3	0	0
GA[C>T]CA	0	6	8	0	2	3	4	0	2	2	1	5	7	2	2	4	4	0	2	0	1	0	0
GA[C>T]CC	3	1	1	0	6	2	5	2	0	1	0	2	5	5	11	9	3	3	1	1	0	0	0
GA[C>T]CG	0	0	2	0	0	1	1	0	0	0	0	0	0	0	0	3	0	0	0	0	0	0	0
GA[C>T]CT	0	0	4	3	5	2	2	1	0	2	5	6	7	8	2	10	3	1	3	2	2	0	0
GA[C>T]GA	5	3	4	8	7	3	5	2	5	7	21	9	13	9	5	9	11	1	19	8	2	0	0
GA[C>T]GC	4	6	4	3	5	9	10	5	6	7	10	12	18	12	4	11	6	6	9	8	2	0	0
GA[C>T]GG	4	11	8	4	6	8	12	11	0	5	14	11	20	19	13	22	9	10	15	6	7	0	0
GA[C>T]GT	5	3	3	7	6	2	11	5	3	10	11	10	14	12	2	4	4	5	9	9	4	0	0
GA[C>T]TA	2	2	2	1	4	4	2	1	0	0	1	7	5	7	6	2	1	1	3	0	2	0	0
GA[C>T]TC	0	5	8	2	12	4	4	0	1	0	0	5	4	6	5	5	1	0	2	3	0	0	0
GA[C>T]TG	1	4	2	2	9	4	5	2	1	0	5	7	5	5	5	8	3	2	2	1	1	0	0
GA[C>T]TT	1	8	7	3	8	3	15	1	1	5	3	18	12	7	10	9	1	1	2	3	3	0	0
GA[T>A]AA	2	5	3	2	9	0	7	3	3	0	1	9	2	13	8	10	5	0	7	1	2	0	0
GA[T>A]AC	0	2	0	3	5	1	3	1	0	1	1	2	2	4	0	0	0	1	1	0	0	0	0
GA[T>A]AG	1	1	2	2	3	0	2	1	0	0	0	1	2	2	2	0	2	1	1	0	0	0	0
GA[T>A]AT	2	3	1	0	11	1	4	0	1	0	2	2	4	4	1	3	3	0	1	1	2	0	0
GA[T>A]CA	1	5	1	3	6	2	3	4	0	1	5	2	4	6	5	3	5	0	0	2	2	0	0
GA[T>A]CC	2	1	0	3	3	1	1	0	2	0	1	4	5	4	2	2	2	1	3	0	0	0	0
GA[T>A]CG	0	0	0	0	1	0	2	0	0	0	0	0	0	0	1	0	0	0	0	0	0	0	0
GA[T>A]CT	1	4	4	1	9	10	3	0	2	0	1	5	5	4	2	7	3	2	5	2	1	0	0
GA[T>A]GA	0	3	3	3	10	3	8	2	1	0	1	9	2	5	5	7	2	0	2	1	2	0	0
GA[T>A]GC	2	1	1	2	5	1	2	2	0	0	0	2	1	1	5	3	1	0	1	0	0	0	0
GA[T>A]GG	0	3	1	1	4	3	3	0	1	1	2	6	4	1	3	4	3	1	0	4	1	0	0
GA[T>A]GT	0	2	3	2	5	3	6	5	0	1	1	1	4	3	3	2	2	0	2	1	1	0	0
GA[T>A]TA	0	1	1	3	8	1	5	0	1	0	2	5	5	11	10	0	1	0	1	0	0	0	0
GA[T>A]TC	1	1	1	4	2	1	2	0	1	1	1	1	1	6	0	1	2	0	1	1	0	0	0
GA[T>A]TG	1	0	2	1	4	0	0	1	0	0	2	5	4	3	0	2	1	0	1	0	0	0	0
GA[T>A]TT	1	5	5	2	12	3	13	0	1	1	1	10	1	9	5	2	2	1	4	2	3	0	0
GA[T>C]AA	1	9	3	3	11	2	10	4	1	0	2	8	7	7	2	7	4	0	5	1	0	0	0
GA[T>C]AC	1	1	1	1	5	2	3	0	2	1	1	9	4	5	4	1	3	2	3	1	2	0	0
GA[T>C]AG	0	2	4	1	7	5	4	2	1	1	1	7	9	15	7	4	1	1	4	2	3	0	0
GA[T>C]AT	1	2	4	3	6	7	4	2	2	1	5	7	5	9	1	0	1	0	3	1	4	0	0
GA[T>C]CA	4	4	2	4	3	1	4	3	0	1	2	3	4	6	3	4	2	0	2	2	0	0	0
GA[T>C]CC	0	2	0	1	1	1	5	0	1	1	0	3	2	2	3	1	0	1	0	0	1	0	0
GA[T>C]CG	0	0	0	1	1	1	1	1	0	0	0	0	1	1	0	2	0	0	0	0	0	0	0
GA[T>C]CT	0	7	3	3	9	5	5	1	1	0	2	10	4	8	4	4	1	0	0	3	3	0	0
GA[T>C]GA	1	1	2	2	10	2	7	0	2	0	2	5	8	4	5	3	1	3	3	1	4	0	0
GA[T>C]GC	0	1	1	4	3	2	3	1	1	0	2	3	3	2	3	2	0	0	1	0	1	0	0
GA[T>C]GG	2	2	5	2	10	7	8	1	3	0	1	10	2	9	9	8	3	1	4	1	3	0	0
GA[T>C]GT	0	2	3	0	8	4	6	4	1	0	2	5	5	5	0	5	1	0	5	2	0	0	0
GA[T>C]TA	2	5	2	7	6	4	4	2	1	1	0	3	6	6	3	2	3	1	3	1	2	0	0
GA[T>C]TC	2	1	2	2	7	3	5	0	1	1	2	2	10	5	2	1	0	1	1	0	0	0	0
GA[T>C]TG	3	3	4	5	14	3	3	4	4	2	4	8	8	11	4	5	2	0	0	4	3	0	0
GA[T>C]TT	2	8	3	3	11	4	11	2	1	2	5	4	8	9	7	3	3	2	4	0	2	0	0
GA[T>G]AA	0	2	1	2	4	1	2	1	2	1	2	5	0	8	0	0	2	0	4	0	0	0	0
GA[T>G]AC	0	0	0	1	3	0	0	1	0	0	2	1	0	2	0	0	2	0	1	0	0	0	0
GA[T>G]AG	1	1	1	1	3	1	4	0	0	0	1	4	5	0	0	3	2	0	1	2	0	0	0
GA[T>G]AT	0	3	0	0	4	1	2	0	2	0	1	0	1	0	0	0	1	0	2	0	0	0	0
GA[T>G]CA	0	0	0	0	5	0	0	0	1	0	1	3	1	2	2	0	2	0	1	0	0	0	0
GA[T>G]CC	0	1	0	1	0	0	1	0	0	0	0	1	0	0	1	2	2	0	2	0	0	0	0
GA[T>G]CG	0	1	0	0	0	0	0	0	0	0	0	0	0	0	0	0	0	0	0	0	0	0	0
GA[T>G]CT	0	0	0	1	3	0	0	0	1	0	1	2	0	0	0	0	1	0	1	1	1	0	0
GA[T>G]GA	0	3	2	1	3	3	4	0	2	1	1	6	0	4	2	2	0	0	1	0	1	0	0
GA[T>G]GC	0	2	0	1	4	0	4	0	0	0	1	4	1	3	0	1	0	0	0	0	0	0	0
GA[T>G]GG	0	4	0	2	2	1	1	1	0	0	1	2	5	2	2	3	2	0	0	0	1	0	0
GA[T>G]GT	0	1	4	3	1	2	6	2	0	0	0	3	3	0	3	2	2	0	1	1	0	0	0
GA[T>G]TA	1	2	1	0	7	2	3	1	0	1	2	0	1	2	5	2	0	0	0	0	0	0	0
GA[T>G]TC	0	0	0	1	2	1	2	0	1	0	1	0	0	2	1	5	1	0	1	1	1	0	0
GA[T>G]TG	0	0	1	2	1	0	2	0	0	0	0	2	2	0	0	1	1	0	0	0	0	0	0
GA[T>G]TT	0	4	1	2	3	2	5	2	2	0	2	2	3	3	3	2	1	0	2	0	1	0	0
GC[C>A]AA	1	10	6	2	5	4	11	3	1	0	5	5	6	9	12	7	2	1	2	2	4	0	0
GC[C>A]AC	0	7	4	0	7	3	6	1	0	2	2	5	2	8	8	1	0	0	2	3	1	0	0
GC[C>A]AG	1	4	4	7	5	2	5	2	2	0	1	15	4	6	7	4	5	0	0	1	2	0	0
GC[C>A]AT	2	3	6	3	7	1	8	0	1	2	3	5	6	6	10	7	1	0	2	0	1	0	0
GC[C>A]CA	1	4	2	1	12	3	8	0	2	1	3	16	3	12	13	4	1	0	5	1	0	0	0
GC[C>A]CC	0	4	2	5	5	4	5	1	0	1	0	6	1	4	7	2	2	0	1	2	0	0	0
GC[C>A]CG	0	3	1	0	0	1	1	1	0	0	2	2	1	0	5	0	0	0	0	1	0	0	0
GC[C>A]CT	0	8	8	6	12	4	5	2	0	0	0	10	3	8	7	6	2	0	3	3	3	0	0
GC[C>A]GA	0	1	0	1	2	0	2	2	0	0	0	2	0	0	1	0	0	1	0	1	0	0	0
GC[C>A]GC	0	1	0	2	1	0	2	0	0	1	0	1	1	2	0	1	1	0	1	1	0	0	0
GC[C>A]GG	1	1	0	1	1	0	2	0	0	0	1	1	3	1	1	2	1	0	1	0	2	0	0
GC[C>A]GT	1	0	0	0	0	0	3	0	0	0	0	3	2	1	2	1	1	0	0	0	0	0	0
GC[C>A]TA	2	3	1	1	4	0	4	0	2	0	0	5	3	0	4	2	0	0	0	1	1	0	0
GC[C>A]TC	2	1	9	7	10	0	6	1	1	2	4	6	2	9	8	2	2	0	2	1	0	0	0
GC[C>A]TG	1	7	4	3	10	4	7	0	1	1	1	10	4	11	12	0	1	0	1	3	1	0	0
GC[C>A]TT	3	2	4	1	4	7	10	2	2	2	4	17	6	7	6	1	0	1	0	2	2	0	0
GC[C>G]AA	0	5	3	1	5	3	7	0	1	0	3	7	4	9	7	11	2	0	2	1	1	0	0
GC[C>G]AC	0	1	2	3	2	0	1	1	0	0	0	5	2	3	2	4	1	0	0	1	0	0	0
GC[C>G]AG	1	4	0	3	3	2	6	0	1	0	3	5	3	7	2	5	1	1	1	1	0	0	0
GC[C>G]AT	2	1	2	0	1	5	2	0	0	1	0	2	2	4	2	2	2	0	2	0	1	0	0
GC[C>G]CA	1	3	8	2	5	2	8	1	1	0	2	5	6	9	6	5	4	0	0	1	1	0	0
GC[C>G]CC	0	1	2	0	5	1	2	1	0	1	0	3	1	1	3	0	0	0	0	1	0	0	0
GC[C>G]CG	1	1	1	0	0	0	2	0	0	0	0	1	1	1	3	2	0	0	1	1	1	0	0
GC[C>G]CT	0	1	4	1	7	2	2	2	0	1	2	3	1	3	7	2	0	0	1	0	0	0	0
GC[C>G]GA	0	1	3	0	5	1	1	1	1	0	2	1	6	2	3	2	2	0	0	0	0	0	0
GC[C>G]GC	0	0	0	0	0	0	2	0	0	0	0	2	1	2	1	3	0	0	0	1	0	0	0
GC[C>G]GG	1	0	3	1	1	0	3	0	0	0	2	1	0	0	1	0	2	2	2	0	0	0	0
GC[C>G]GT	0	1	2	1	0	0	5	0	0	0	1	2	3	4	2	2	2	1	1	1	0	0	0
GC[C>G]TA	0	2	2	2	3	2	7	0	1	2	3	7	5	3	6	7	0	2	0	3	0	0	0
GC[C>G]TC	0	5	8	2	11	1	6	0	0	2	2	6	6	10	5	13	4	0	1	2	1	0	0
GC[C>G]TG	1	5	5	2	8	3	6	1	2	1	1	6	7	8	11	13	2	0	2	2	0	0	0
GC[C>G]TT	1	9	1	3	5	3	12	0	0	1	1	4	3	9	2	11	0	1	3	1	1	0	0
GC[C>T]AA	2	2	1	3	6	4	4	1	0	1	4	3	6	7	3	11	2	0	2	1	2	0	0
GC[C>T]AC	1	2	4	2	10	3	4	2	0	0	4	8	5	5	7	16	2	2	6	0	1	0	0
GC[C>T]AG	2	5	4	1	10	3	4	4	0	1	8	8	7	8	7	24	2	1	2	6	2	0	0
GC[C>T]AT	2	5	7	1	1	2	4	1	3	0	7	9	2	8	5	22	4	1	4	1	1	0	0
GC[C>T]CA	1	2	6	3	8	2	4	5	1	1	8	8	5	12	1	5	1	0	6	1	2	0	0
GC[C>T]CC	3	2	2	3	3	1	3	4	0	1	7	2	7	5	4	10	1	2	3	2	3	0	0
GC[C>T]CG	0	0	1	1	1	0	0	0	1	0	1	0	1	0	1	4	0	0	0	1	2	0	0
GC[C>T]CT	0	4	2	2	6	1	3	1	2	1	2	3	10	3	1	10	4	2	1	6	3	0	0
GC[C>T]GA	5	4	2	2	1	4	8	5	2	3	17	6	14	5	6	11	2	4	7	11	4	0	0
GC[C>T]GC	5	5	2	2	3	4	2	2	2	5	7	3	3	1	7	9	2	0	6	4	2	0	0
GC[C>T]GG	5	2	4	3	4	6	8	5	7	3	14	6	16	11	3	20	6	3	4	5	3	0	0
GC[C>T]GT	3	4	1	3	1	3	1	4	1	1	5	1	13	4	3	8	4	2	6	4	0	0	0
GC[C>T]TA	0	5	3	3	4	0	8	2	1	1	6	2	2	2	3	5	2	1	2	1	1	0	0
GC[C>T]TC	2	3	11	10	10	6	7	5	3	2	7	9	7	8	12	8	2	1	5	5	6	0	0
GC[C>T]TG	1	2	3	3	14	7	6	1	2	0	4	7	5	4	8	30	1	0	3	5	1	0	0
GC[C>T]TT	2	9	3	4	9	2	7	3	3	2	4	4	11	6	6	12	4	1	2	2	1	0	0
GC[T>A]AA	0	1	2	1	7	6	4	1	0	0	1	3	5	7	5	1	0	0	2	1	2	0	0
GC[T>A]AC	0	2	0	2	5	0	3	0	2	0	0	2	1	4	2	2	3	0	2	0	1	0	0
GC[T>A]AG	2	1	5	1	0	0	1	0	0	0	1	4	1	3	4	0	0	1	0	0	0	0	0
GC[T>A]AT	0	2	0	3	7	1	3	0	0	0	1	4	3	2	3	2	6	1	0	0	1	0	0
GC[T>A]CA	0	5	2	4	7	1	8	2	1	2	2	6	0	5	0	4	1	1	1	1	0	0	0
GC[T>A]CC	1	3	3	2	7	0	6	0	1	1	1	4	0	1	0	1	0	0	1	1	1	0	0
GC[T>A]CG	0	0	0	0	0	0	0	0	0	0	0	0	0	2	0	0	0	0	0	0	0	0	0
GC[T>A]CT	0	11	1	2	12	4	8	3	0	0	0	5	4	5	4	1	2	0	2	2	0	0	0
GC[T>A]GA	0	4	2	5	5	2	3	0	0	0	1	4	3	4	6	0	0	0	3	0	0	0	0
GC[T>A]GC	0	2	2	1	3	1	4	0	1	0	0	2	2	6	3	3	0	0	2	0	0	0	0
GC[T>A]GG	0	4	4	6	7	2	6	0	0	0	3	11	3	11	3	2	1	0	2	0	1	0	0
GC[T>A]GT	1	2	2	3	3	1	7	0	1	0	1	6	1	4	4	2	3	0	0	0	2	0	0
GC[T>A]TA	0	0	0	1	2	0	3	1	1	0	0	4	0	8	2	0	4	1	0	1	0	0	0
GC[T>A]TC	1	1	2	1	7	2	4	1	0	0	1	2	1	3	2	2	1	1	1	1	0	0	0
GC[T>A]TG	0	3	0	1	4	2	4	0	0	1	0	2	3	4	5	0	1	1	1	0	0	0	0
GC[T>A]TT	1	8	5	3	4	5	15	2	0	0	3	10	1	14	6	1	1	0	4	2	1	0	0
GC[T>C]AA	0	2	0	4	6	1	3	0	1	0	3	2	2	5	3	1	3	1	0	0	2	0	0
GC[T>C]AC	0	1	2	2	1	0	2	0	0	0	1	4	3	1	0	2	0	1	1	0	2	0	0
GC[T>C]AG	1	2	1	2	3	0	4	0	0	0	0	3	5	0	4	3	1	0	1	0	0	0	0
GC[T>C]AT	0	0	3	2	6	1	3	0	0	0	3	3	4	5	3	2	0	1	4	0	1	0	0
GC[T>C]CA	0	0	6	3	4	1	9	2	0	0	3	5	3	4	5	4	3	1	1	2	0	0	0
GC[T>C]CC	0	1	3	3	5	0	2	2	0	1	1	13	5	8	2	2	1	0	1	0	0	0	0
GC[T>C]CG	0	1	0	0	0	0	0	0	0	0	0	0	0	2	0	0	0	0	0	0	0	0	0
GC[T>C]CT	0	5	1	5	5	1	5	1	0	1	1	14	6	10	6	0	3	1	1	1	2	0	0
GC[T>C]GA	1	1	4	2	4	0	3	2	0	0	1	1	1	4	3	5	3	0	4	0	4	0	0
GC[T>C]GC	0	2	2	2	3	3	3	2	2	0	0	3	5	6	4	4	1	1	1	0	1	0	0
GC[T>C]GG	0	3	3	3	7	4	5	0	1	0	2	3	8	6	3	6	1	1	1	1	3	0	0
GC[T>C]GT	1	0	1	2	4	2	2	0	0	0	0	0	3	2	3	5	4	0	2	1	2	0	0
GC[T>C]TA	1	3	0	0	2	0	1	1	0	0	1	5	0	4	3	3	0	0	1	0	2	0	0
GC[T>C]TC	0	3	4	1	3	0	0	1	1	1	1	4	1	3	3	2	0	1	0	0	1	0	0
GC[T>C]TG	0	6	3	1	5	7	4	0	0	0	1	4	2	6	5	7	2	1	0	0	0	0	0
GC[T>C]TT	0	10	4	3	4	2	2	1	0	1	3	6	2	6	8	4	1	1	1	2	1	0	0
GC[T>G]AA	0	4	3	0	2	1	3	0	0	1	0	1	3	5	1	3	2	0	1	0	1	0	0
GC[T>G]AC	0	0	1	0	2	2	3	0	0	1	1	0	1	0	1	0	0	0	1	0	0	0	0
GC[T>G]AG	0	1	1	0	1	0	0	0	0	0	0	2	0	0	1	0	1	0	0	0	1	0	0
GC[T>G]AT	0	0	0	0	2	2	0	1	1	0	0	1	1	2	1	1	1	0	2	0	1	0	0
GC[T>G]CA	1	2	2	1	5	1	0	0	0	0	2	3	2	4	0	1	2	0	1	0	1	0	0
GC[T>G]CC	1	0	2	1	3	0	2	0	0	0	0	1	0	4	0	1	1	0	1	1	1	0	0
GC[T>G]CG	0	0	0	0	0	0	0	0	0	0	0	1	0	1	0	1	0	0	0	0	0	0	0
GC[T>G]CT	0	4	1	4	2	1	3	0	0	0	1	3	1	5	1	0	3	0	2	0	0	0	0
GC[T>G]GA	0	3	5	1	3	3	3	1	2	0	0	3	7	7	2	3	2	0	0	1	0	0	0
GC[T>G]GC	0	0	2	0	5	1	0	0	0	0	0	3	2	0	0	2	1	1	2	1	1	0	0
GC[T>G]GG	2	3	1	2	4	3	2	1	0	2	1	1	3	5	2	1	2	0	3	2	1	0	0
GC[T>G]GT	0	0	1	2	5	0	1	1	0	0	1	4	3	1	6	1	1	1	1	0	0	0	0
GC[T>G]TA	1	1	1	1	4	1	3	4	1	0	2	2	2	5	1	1	3	0	3	0	0	0	0
GC[T>G]TC	1	4	1	4	5	0	4	0	1	0	1	4	2	4	2	1	1	0	1	1	0	0	0
GC[T>G]TG	1	2	1	3	1	1	2	1	1	0	1	2	1	6	0	1	0	0	1	0	0	0	0
GC[T>G]TT	2	4	2	1	5	0	3	0	0	0	1	6	4	6	3	3	3	0	2	1	4	0	0
GG[C>A]AA	5	4	8	7	13	3	12	2	0	2	11	13	10	19	3	8	6	1	7	8	2	0	0
GG[C>A]AC	2	2	1	1	9	2	4	0	0	3	1	6	6	5	7	10	2	2	3	2	1	0	0
GG[C>A]AG	4	6	3	7	11	0	13	6	1	4	7	13	8	13	7	9	4	1	2	3	4	0	0
GG[C>A]AT	1	5	0	8	8	5	8	3	0	5	5	9	14	16	5	9	2	1	3	2	2	0	0
GG[C>A]CA	3	7	12	6	13	7	6	4	1	4	7	8	10	11	11	8	2	1	6	1	1	0	0
GG[C>A]CC	1	1	2	2	6	2	1	0	2	1	1	4	3	7	6	7	2	2	1	0	1	0	0
GG[C>A]CG	0	1	1	0	3	1	3	0	1	0	1	2	2	2	3	1	0	0	0	1	0	0	0
GG[C>A]CT	1	6	8	5	9	2	14	1	0	0	6	5	5	11	10	1	0	0	2	3	0	0	0
GG[C>A]GA	0	1	1	1	1	1	2	1	0	0	2	1	1	1	0	1	1	0	0	0	0	0	0
GG[C>A]GC	1	0	0	0	3	0	1	0	0	0	0	1	1	0	1	2	2	0	0	1	0	0	0
GG[C>A]GG	1	0	0	1	1	0	2	2	0	0	2	1	4	2	0	4	2	3	1	0	1	0	0
GG[C>A]GT	0	0	2	0	2	0	0	0	0	1	3	3	3	2	0	2	3	0	0	0	1	0	0
GG[C>A]TA	1	1	4	6	8	2	4	1	2	2	4	15	6	4	8	1	1	1	2	1	2	0	0
GG[C>A]TC	1	2	5	2	12	4	6	0	0	1	6	8	6	10	3	1	0	0	1	5	0	0	0
GG[C>A]TG	1	4	6	3	3	2	7	1	3	1	7	6	4	16	10	9	6	0	6	5	1	0	0
GG[C>A]TT	0	4	4	5	9	4	11	1	0	2	2	16	6	11	7	3	2	1	3	2	4	0	0
GG[C>G]AA	0	8	0	4	5	2	8	1	1	1	0	3	3	6	4	6	3	0	1	0	0	0	0
GG[C>G]AC	1	1	2	0	2	2	1	0	0	0	0	3	0	2	5	0	0	0	0	0	0	0	0
GG[C>G]AG	1	6	4	1	9	2	5	0	1	1	3	3	5	1	4	1	3	2	0	0	1	0	0
GG[C>G]AT	0	1	3	1	4	1	2	0	0	0	2	1	0	1	0	2	3	0	1	1	0	0	0
GG[C>G]CA	0	5	3	2	7	4	4	1	0	0	4	5	6	1	4	4	1	0	2	2	0	0	0
GG[C>G]CC	0	1	1	1	2	1	1	0	1	0	0	2	0	2	4	3	0	0	2	1	2	0	0
GG[C>G]CG	1	1	1	1	1	0	0	0	0	0	0	1	0	1	0	2	0	0	0	0	1	0	0
GG[C>G]CT	2	2	5	1	11	3	2	0	0	0	2	4	1	3	3	3	1	0	0	0	0	0	0
GG[C>G]GA	0	2	1	0	2	0	2	0	0	0	0	1	2	0	1	0	0	0	0	0	0	0	0
GG[C>G]GC	0	0	1	0	0	2	1	0	0	0	0	1	0	3	1	3	0	0	0	0	0	0	0
GG[C>G]GG	0	1	2	0	1	0	1	0	0	0	0	1	0	1	2	2	0	1	0	0	2	0	0
GG[C>G]GT	0	0	0	0	2	1	4	0	0	0	0	2	0	1	0	1	0	0	0	0	0	0	0
GG[C>G]TA	0	3	2	2	3	0	9	0	1	0	0	4	2	5	4	7	1	0	0	1	1	0	0
GG[C>G]TC	0	1	3	0	3	1	2	0	2	0	3	1	2	1	5	3	0	0	0	1	0	0	0
GG[C>G]TG	0	3	2	5	11	1	8	0	1	0	3	8	7	8	9	11	2	1	1	1	3	0	0
GG[C>G]TT	0	3	3	3	3	3	7	1	1	0	2	7	5	6	3	1	3	1	0	2	0	0	0
GG[C>T]AA	2	6	4	1	9	5	11	3	2	2	5	10	8	12	2	16	1	2	4	9	2	0	0
GG[C>T]AC	1	2	5	4	5	5	4	3	1	0	3	9	3	6	3	14	2	6	3	0	3	0	0
GG[C>T]AG	1	6	10	8	15	5	11	0	1	1	3	13	12	11	8	29	6	4	7	5	1	0	0
GG[C>T]AT	2	6	7	6	7	3	8	6	0	3	5	11	9	20	7	14	2	0	6	5	2	0	0
GG[C>T]CA	1	9	4	4	4	3	3	2	1	2	2	8	5	6	7	14	5	0	6	2	1	0	0
GG[C>T]CC	2	2	4	2	4	4	6	2	0	0	0	4	8	9	3	9	1	2	1	6	1	0	0
GG[C>T]CG	2	0	3	1	4	1	1	0	1	0	2	2	2	1	0	8	2	0	0	0	0	0	0
GG[C>T]CT	4	3	8	4	7	0	6	3	1	2	6	6	7	8	6	14	2	2	2	4	1	0	0
GG[C>T]GA	1	5	1	10	9	4	5	5	4	5	10	11	24	10	8	14	12	2	8	11	4	0	0
GG[C>T]GC	8	6	8	6	19	0	9	4	6	5	15	16	24	9	11	22	7	7	7	10	4	0	0
GG[C>T]GG	8	7	4	13	14	10	14	14	2	8	26	17	23	16	9	36	12	10	9	13	3	0	0
GG[C>T]GT	6	7	9	6	9	5	15	5	2	2	10	9	16	8	1	16	6	2	14	6	4	0	0
GG[C>T]TA	1	3	0	2	6	1	2	3	0	1	2	2	2	4	4	3	1	0	5	4	3	0	0
GG[C>T]TC	0	3	4	5	5	6	2	3	3	1	6	5	3	6	4	10	2	0	2	1	2	0	0
GG[C>T]TG	0	9	13	1	10	4	7	4	0	3	6	12	8	13	12	26	8	0	2	3	1	0	0
GG[C>T]TT	2	6	4	5	8	4	9	1	1	1	4	10	7	2	9	18	3	2	1	3	3	0	0
GG[T>A]AA	0	2	4	3	7	3	2	0	0	0	0	8	0	6	1	3	2	1	2	0	0	0	0
GG[T>A]AC	0	0	1	0	2	0	3	0	0	0	1	1	1	0	2	3	2	0	1	1	1	0	0
GG[T>A]AG	0	0	1	0	3	0	3	0	0	0	1	2	2	2	3	3	1	0	0	0	0	0	0
GG[T>A]AT	3	2	1	1	3	1	5	0	0	0	1	3	3	3	1	1	1	0	0	1	0	0	0
GG[T>A]CA	1	4	2	0	6	1	3	1	1	0	1	9	4	6	0	2	0	3	1	0	1	0	0
GG[T>A]CC	0	1	1	2	6	3	4	1	0	0	0	3	0	5	4	2	0	1	0	1	0	0	0
GG[T>A]CG	0	0	0	0	1	0	0	0	0	0	1	0	0	0	0	2	0	0	0	1	0	0	0
GG[T>A]CT	0	3	1	2	5	0	3	1	0	0	2	4	4	9	5	1	2	1	2	1	0	0	0
GG[T>A]GA	1	1	5	3	3	2	3	1	0	0	0	7	1	8	9	1	2	0	0	0	1	0	0
GG[T>A]GC	2	1	2	0	0	1	3	1	0	0	0	3	2	2	1	3	2	2	0	0	0	0	0
GG[T>A]GG	0	4	2	2	11	3	4	1	1	1	0	4	7	6	2	3	1	0	0	3	2	0	0
GG[T>A]GT	0	0	3	1	2	2	4	1	0	1	0	3	2	3	2	3	0	1	3	0	0	0	0
GG[T>A]TA	1	2	2	1	2	5	5	1	0	0	3	7	3	8	8	0	3	0	1	1	0	0	0
GG[T>A]TC	1	3	3	1	6	2	4	0	0	0	1	3	2	2	1	1	1	2	1	0	1	0	0
GG[T>A]TG	0	4	3	1	3	2	2	1	1	0	1	9	2	1	5	2	4	1	3	0	1	0	0
GG[T>A]TT	0	7	1	5	11	8	11	0	1	0	3	11	4	17	10	2	2	3	2	0	0	0	0
GG[T>C]AA	2	1	2	1	3	1	3	2	2	2	2	1	5	6	4	2	1	0	4	2	1	0	0
GG[T>C]AC	0	3	1	2	4	0	5	0	0	2	3	4	3	4	2	1	0	1	1	1	0	0	0
GG[T>C]AG	1	0	2	4	2	0	4	0	1	1	1	5	6	7	5	5	3	1	3	0	1	0	0
GG[T>C]AT	0	1	3	0	3	1	3	1	2	2	1	3	6	5	6	2	1	0	1	4	2	0	0
GG[T>C]CA	1	3	1	1	2	1	8	1	0	0	1	4	6	4	3	3	4	0	1	1	1	0	0
GG[T>C]CC	0	1	1	1	1	1	0	0	0	2	1	4	2	4	3	2	0	0	0	2	1	0	0
GG[T>C]CG	0	0	0	0	0	0	0	0	0	0	0	0	0	0	0	1	0	0	0	0	0	0	0
GG[T>C]CT	0	5	0	1	7	5	6	1	1	2	4	8	2	8	3	4	2	1	3	0	2	0	0
GG[T>C]GA	1	0	2	1	3	2	2	1	2	1	1	4	1	5	3	4	3	0	0	0	2	0	0
GG[T>C]GC	0	1	1	1	0	1	2	1	0	0	0	5	4	3	0	3	1	1	2	0	2	0	0
GG[T>C]GG	0	2	0	1	6	1	7	2	0	0	1	8	1	4	5	6	5	1	0	1	0	0	0
GG[T>C]GT	2	1	0	1	4	2	3	3	0	0	2	2	3	3	3	10	1	1	1	1	1	0	0
GG[T>C]TA	1	0	1	1	1	2	2	1	1	1	1	1	2	4	0	2	2	0	2	0	0	0	0
GG[T>C]TC	0	4	1	1	2	0	5	2	0	1	2	2	5	5	3	1	4	1	3	3	3	0	0
GG[T>C]TG	1	2	1	2	3	0	5	2	3	0	2	6	6	9	4	3	2	2	4	2	4	0	0
GG[T>C]TT	0	3	5	5	4	2	7	3	0	1	5	5	9	11	2	5	0	1	7	1	1	0	0
GG[T>G]AA	0	1	1	1	2	3	3	0	0	0	0	4	1	5	1	2	1	0	1	1	0	0	0
GG[T>G]AC	0	1	0	0	0	0	2	1	0	1	0	1	0	2	4	0	0	0	2	1	1	0	0
GG[T>G]AG	0	5	0	2	4	2	1	1	0	0	0	1	1	1	2	2	1	0	0	1	2	0	0
GG[T>G]AT	0	2	0	1	2	3	3	1	0	2	1	0	3	2	0	2	2	0	0	1	0	0	0
GG[T>G]CA	0	0	1	2	2	3	2	1	0	1	1	1	3	3	2	2	3	0	1	0	0	0	0
GG[T>G]CC	0	0	0	1	0	1	1	0	0	0	0	3	1	2	2	0	0	0	0	0	1	0	0
GG[T>G]CG	0	0	0	0	0	0	0	0	1	0	0	0	0	1	0	4	0	0	0	0	0	0	0
GG[T>G]CT	0	3	3	2	1	3	1	0	2	1	0	4	1	0	6	3	0	1	0	1	0	0	0
GG[T>G]GA	2	2	3	1	2	2	3	2	1	0	1	3	2	6	3	9	4	0	0	5	3	0	0
GG[T>G]GC	1	0	1	2	4	5	2	2	1	0	0	2	1	2	1	9	0	0	0	0	3	0	0
GG[T>G]GG	1	5	3	2	8	4	6	0	2	0	0	6	5	3	7	40	3	0	3	2	1	0	0
GG[T>G]GT	0	2	0	1	3	3	4	0	0	0	1	3	1	4	0	4	2	0	0	1	3	0	0
GG[T>G]TA	1	1	3	1	2	1	1	0	0	1	0	1	2	8	1	0	2	0	1	0	2	0	0
GG[T>G]TC	0	4	0	2	1	2	2	0	1	0	2	3	1	4	2	1	0	0	1	1	0	0	0
GG[T>G]TG	3	2	2	0	2	1	1	0	1	0	1	1	1	5	1	0	0	0	1	0	0	0	0
GG[T>G]TT	1	6	1	1	8	5	4	6	0	1	4	8	5	6	7	8	5	1	4	1	2	0	0
GT[C>A]AA	2	4	3	1	13	5	6	3	1	4	5	5	7	4	9	29	4	0	3	4	1	0	0
GT[C>A]AC	2	3	5	2	6	4	4	0	0	0	3	3	2	4	5	31	2	1	3	2	1	0	0
GT[C>A]AG	0	6	4	2	10	8	7	3	4	0	5	4	13	3	7	35	1	0	2	5	0	0	0
GT[C>A]AT	2	7	4	5	11	7	7	4	1	3	3	3	14	13	4	43	4	1	4	6	1	0	0
GT[C>A]CA	3	4	6	2	10	3	8	3	2	1	4	10	3	8	4	13	2	1	5	2	4	0	0
GT[C>A]CC	0	1	5	2	7	2	4	1	2	0	5	5	5	6	3	16	2	1	1	1	2	0	0
GT[C>A]CG	0	2	0	0	1	0	0	0	0	0	0	1	0	0	0	3	0	0	0	0	0	0	0
GT[C>A]CT	1	7	6	2	14	6	11	2	3	0	6	4	4	8	10	23	2	1	2	1	1	0	0
GT[C>A]GA	0	0	1	0	1	0	0	2	0	0	1	0	1	1	0	3	0	0	0	1	1	0	0
GT[C>A]GC	0	1	1	0	1	0	0	1	0	0	0	0	2	0	0	3	1	0	0	1	1	0	0
GT[C>A]GG	0	0	1	0	1	0	1	2	0	0	2	1	0	2	1	2	1	0	0	0	0	0	0
GT[C>A]GT	1	2	4	3	0	2	0	0	0	0	0	1	1	0	1	3	1	0	1	0	0	0	0
GT[C>A]TA	0	5	4	0	7	3	4	1	0	0	4	7	4	8	3	13	1	0	2	1	2	0	0
GT[C>A]TC	1	5	8	4	9	7	5	3	0	1	3	7	7	5	2	9	0	1	0	0	1	0	0
GT[C>A]TG	0	0	5	1	7	7	7	1	1	0	4	6	8	6	6	24	2	3	4	0	2	0	0
GT[C>A]TT	0	11	3	9	18	6	11	3	3	3	12	15	14	12	8	19	6	1	3	4	2	0	0
GT[C>G]AA	0	15	15	15	17	22	10	3	7	4	10	13	45	12	14	426	5	4	7	38	1	0	0
GT[C>G]AC	0	3	3	4	6	4	6	1	1	1	5	5	3	2	2	62	2	0	3	6	0	0	0
GT[C>G]AG	0	14	9	6	4	10	6	0	2	3	5	10	18	6	11	205	4	1	5	16	1	0	0
GT[C>G]AT	0	8	4	2	3	5	7	0	5	1	7	3	11	6	5	113	9	0	2	9	1	0	0
GT[C>G]CA	0	5	7	4	8	9	7	1	1	1	5	7	21	10	3	65	3	0	3	11	0	0	0
GT[C>G]CC	0	3	4	3	6	3	6	1	0	1	4	4	4	3	5	16	0	0	3	5	0	0	0
GT[C>G]CG	0	2	0	1	2	0	1	0	0	0	1	0	2	0	0	7	1	0	0	1	0	0	0
GT[C>G]CT	0	8	7	5	9	5	6	1	4	1	5	5	11	7	5	39	8	2	0	5	2	0	0
GT[C>G]GA	1	2	0	0	0	3	1	0	1	0	0	1	2	0	4	10	0	0	0	2	0	0	0
GT[C>G]GC	0	1	0	2	0	0	2	0	0	0	0	0	0	0	2	4	0	0	0	1	0	0	0
GT[C>G]GG	0	0	2	0	0	0	0	0	0	0	0	0	0	0	0	7	0	0	0	0	0	0	0
GT[C>G]GT	0	0	0	0	0	1	3	0	0	0	1	2	2	0	1	3	1	0	0	0	1	0	0
GT[C>G]TA	0	20	12	8	22	19	8	3	6	1	14	9	22	12	9	296	5	1	4	26	1	0	0
GT[C>G]TC	2	13	9	12	22	8	11	1	7	2	8	12	33	9	17	211	10	4	3	25	3	0	0
GT[C>G]TG	2	21	11	4	13	24	13	1	4	2	6	11	21	9	12	256	14	0	5	18	1	0	0
GT[C>G]TT	1	23	13	14	21	23	17	4	11	3	24	21	51	14	19	382	9	2	8	34	3	0	0
GT[C>T]AA	1	11	13	4	6	8	5	2	3	2	24	26	23	5	5	304	8	0	13	26	5	0	0
GT[C>T]AC	1	11	4	5	8	9	3	3	1	3	19	21	20	4	6	216	7	1	5	17	3	0	0
GT[C>T]AG	3	6	13	6	12	19	11	4	9	1	17	20	22	6	5	460	9	3	5	44	6	0	0
GT[C>T]AT	4	13	8	10	14	15	10	5	6	3	30	30	31	9	11	358	4	0	7	24	2	0	0
GT[C>T]CA	2	8	7	3	6	2	4	3	4	1	11	11	11	6	4	88	5	3	4	12	3	0	0
GT[C>T]CC	0	8	7	3	8	2	4	2	4	1	4	10	13	6	4	78	1	2	4	7	7	0	0
GT[C>T]CG	0	0	0	2	2	3	1	0	0	0	2	4	2	2	1	17	1	0	1	1	1	0	0
GT[C>T]CT	2	6	6	5	9	9	5	3	1	2	9	7	10	9	3	107	5	2	5	9	1	0	0
GT[C>T]GA	1	1	3	2	0	2	1	3	1	1	0	1	3	5	1	13	1	0	5	4	0	0	0
GT[C>T]GC	0	1	3	2	4	2	1	3	0	3	4	4	9	3	0	33	4	2	6	1	4	0	0
GT[C>T]GG	2	1	2	2	0	1	5	1	0	2	6	0	7	0	5	52	2	2	6	7	1	0	0
GT[C>T]GT	0	2	2	2	3	1	1	4	1	2	7	5	10	4	1	23	3	0	1	3	3	0	0
GT[C>T]TA	1	0	7	3	8	5	5	4	2	1	14	11	10	4	5	120	5	1	5	12	2	0	0
GT[C>T]TC	2	7	6	2	7	13	8	7	5	7	18	17	15	10	5	207	7	3	6	21	1	0	0
GT[C>T]TG	1	9	3	5	14	14	4	2	3	1	6	12	19	7	9	265	3	0	5	24	5	0	0
GT[C>T]TT	3	11	15	2	17	16	7	7	6	3	20	25	29	6	9	224	3	3	10	15	1	0	0
GT[T>A]AA	1	4	4	0	8	1	6	3	1	1	5	6	0	5	3	2	1	0	1	3	0	0	0
GT[T>A]AC	0	2	3	1	2	1	3	0	0	0	1	3	1	3	0	0	2	0	2	0	0	0	0
GT[T>A]AG	0	1	1	2	0	1	3	1	0	0	0	3	1	1	2	4	1	0	0	0	1	0	0
GT[T>A]AT	1	0	0	2	3	0	4	1	0	0	1	6	0	4	3	5	0	0	0	0	0	0	0
GT[T>A]CA	2	3	1	5	5	0	2	1	2	1	2	4	4	4	1	3	0	0	1	0	1	0	0
GT[T>A]CC	0	0	3	1	5	0	2	1	0	0	1	3	1	1	3	0	3	0	1	0	1	0	0
GT[T>A]CG	0	1	0	1	0	0	0	0	0	0	0	0	1	1	0	0	0	0	0	0	0	0	0
GT[T>A]CT	1	1	2	1	5	4	4	1	2	0	3	5	1	5	0	4	0	0	1	0	1	0	0
GT[T>A]GA	1	3	4	2	3	1	0	0	1	0	1	6	5	1	4	1	0	0	2	1	0	0	0
GT[T>A]GC	1	2	3	0	2	0	1	1	0	0	0	0	1	2	0	1	1	0	1	0	0	0	0
GT[T>A]GG	1	2	3	2	3	0	2	2	0	0	1	3	0	7	3	1	2	0	1	0	0	0	0
GT[T>A]GT	0	1	5	1	2	1	2	1	2	0	0	7	5	3	0	0	1	0	1	2	0	0	0
GT[T>A]TA	0	3	3	1	12	0	9	0	1	1	1	5	4	7	6	0	1	1	1	0	0	0	0
GT[T>A]TC	0	0	2	1	4	3	1	0	0	0	0	5	1	2	4	3	1	0	1	0	2	0	0
GT[T>A]TG	0	1	1	0	2	0	5	1	1	0	1	3	1	1	4	1	1	0	0	1	1	0	0
GT[T>A]TT	1	2	5	4	9	2	9	2	1	2	3	24	5	11	5	1	2	3	3	0	0	0	0
GT[T>C]AA	1	3	1	3	2	2	3	0	0	1	3	3	2	1	4	0	1	0	2	2	0	0	0
GT[T>C]AC	0	0	1	1	0	0	1	0	0	0	3	3	4	3	1	2	0	0	2	0	0	0	0
GT[T>C]AG	1	1	1	2	6	2	3	3	1	0	0	3	1	2	1	3	0	0	1	0	0	0	0
GT[T>C]AT	0	3	1	0	1	0	5	0	1	0	2	4	5	2	3	2	0	1	3	0	1	0	0
GT[T>C]CA	0	2	0	2	3	2	4	0	1	0	0	3	2	3	1	0	3	2	2	3	0	0	0
GT[T>C]CC	0	3	2	0	1	0	3	1	1	0	1	0	3	1	2	3	2	0	2	0	0	0	0
GT[T>C]CG	0	0	0	0	2	0	0	0	0	0	0	1	0	0	1	0	1	0	0	0	0	0	0
GT[T>C]CT	0	3	1	1	5	1	7	2	0	0	1	11	4	2	1	3	1	1	3	2	1	0	0
GT[T>C]GA	1	1	1	1	3	0	2	0	1	0	0	0	4	3	2	0	0	0	1	0	1	0	0
GT[T>C]GC	1	0	1	0	1	0	0	0	0	0	0	2	2	1	2	0	0	1	0	0	0	0	0
GT[T>C]GG	0	1	1	1	1	2	4	0	2	0	2	3	1	3	0	5	1	0	0	0	1	0	0
GT[T>C]GT	0	0	1	0	2	1	3	0	0	0	1	3	2	5	1	0	0	0	0	0	0	0	0
GT[T>C]TA	0	2	0	0	3	1	2	1	0	1	2	2	3	3	0	2	1	0	0	1	0	0	0
GT[T>C]TC	0	2	2	3	0	2	2	1	0	0	1	3	5	0	3	1	1	0	0	0	1	0	0
GT[T>C]TG	2	4	0	0	1	2	4	2	2	2	4	0	4	2	1	7	1	2	2	2	1	0	0
GT[T>C]TT	0	3	1	2	4	2	1	1	1	1	3	4	2	6	4	1	1	0	2	0	2	0	0
GT[T>G]AA	0	3	2	1	5	1	0	0	0	2	1	3	4	3	2	3	1	0	0	0	0	0	0
GT[T>G]AC	0	0	1	0	1	1	2	1	0	0	0	5	0	1	1	1	0	0	1	0	0	0	0
GT[T>G]AG	0	5	0	0	0	2	1	0	0	0	0	3	1	4	1	0	0	2	0	1	2	0	0
GT[T>G]AT	1	2	1	1	0	0	1	1	0	0	0	5	0	4	4	1	1	0	1	0	2	0	0
GT[T>G]CA	0	1	1	2	2	3	3	0	1	0	1	5	1	3	2	2	2	0	0	0	1	0	0
GT[T>G]CC	0	2	1	1	2	1	2	0	0	0	0	1	0	0	2	1	0	0	0	0	0	0	0
GT[T>G]CG	0	0	0	0	0	0	0	0	0	0	0	1	0	0	0	1	0	0	0	0	0	0	0
GT[T>G]CT	0	1	0	5	2	1	5	0	0	0	1	3	2	0	4	0	1	0	0	1	0	0	0
GT[T>G]GA	1	5	3	3	3	3	4	1	0	0	0	6	0	3	2	2	2	0	1	0	0	0	0
GT[T>G]GC	2	3	1	1	1	0	1	2	0	0	1	4	2	7	5	0	1	0	1	0	0	0	0
GT[T>G]GG	0	2	1	2	3	0	1	1	2	0	0	5	1	3	4	2	1	1	0	2	1	0	0
GT[T>G]GT	0	5	2	1	2	0	6	1	0	1	2	4	0	2	1	0	0	0	0	0	0	0	0
GT[T>G]TA	0	2	4	2	4	1	3	2	0	0	5	6	0	4	7	1	3	1	3	1	0	0	0
GT[T>G]TC	1	2	2	4	3	0	8	0	2	1	0	4	5	2	1	2	2	1	0	1	0	0	0
GT[T>G]TG	0	1	3	4	6	0	6	2	0	1	2	4	5	2	3	3	2	0	1	1	0	0	0
GT[T>G]TT	2	2	2	2	11	4	3	1	1	0	3	6	3	9	6	1	3	0	2	5	7	0	0
TA[C>A]AA	4	14	13	9	30	9	19	6	7	3	11	29	15	23	12	27	7	7	8	12	8	0	0
TA[C>A]AC	1	1	5	10	5	0	8	3	1	0	3	4	4	8	6	3	1	0	4	4	2	0	0
TA[C>A]AG	1	7	7	4	10	2	6	3	0	0	4	6	3	12	4	6	1	0	0	5	2	0	0
TA[C>A]AT	3	7	7	2	7	6	5	3	2	1	7	11	3	10	12	7	3	2	4	7	2	0	0
TA[C>A]CA	2	2	9	2	8	6	12	1	0	3	5	10	7	10	13	2	1	0	7	4	5	0	0
TA[C>A]CC	0	6	6	5	5	2	3	3	0	1	1	9	1	3	5	2	1	2	2	4	6	0	0
TA[C>A]CG	0	0	0	0	0	0	0	0	0	0	0	1	0	2	2	1	0	1	1	0	1	0	0
TA[C>A]CT	2	3	10	8	8	4	15	4	2	1	2	12	11	15	15	3	2	1	6	2	3	0	0
TA[C>A]GA	0	0	2	1	1	0	1	2	0	0	0	3	0	2	0	1	0	1	2	0	0	0	0
TA[C>A]GC	0	1	1	2	2	0	3	0	1	0	0	1	0	1	0	0	0	0	0	1	0	0	0
TA[C>A]GG	0	1	0	0	1	1	0	0	0	0	0	2	0	1	0	0	0	1	2	0	0	0	0
TA[C>A]GT	1	1	3	0	0	1	0	0	0	1	1	3	2	2	1	1	0	0	1	2	0	0	0
TA[C>A]TA	1	3	6	2	8	3	7	2	2	0	3	9	7	6	9	3	1	0	1	4	4	0	0
TA[C>A]TC	0	2	4	3	1	4	5	3	1	1	1	8	4	5	6	4	2	0	2	3	3	0	0
TA[C>A]TG	1	6	3	2	13	1	6	2	2	1	4	4	1	9	5	6	1	0	4	3	2	0	0
TA[C>A]TT	3	10	11	7	16	2	25	2	1	1	3	13	13	8	10	7	3	2	4	5	1	0	0
TA[C>G]AA	0	9	7	5	13	6	16	0	2	2	2	7	12	11	7	19	6	0	1	0	6	0	0
TA[C>G]AC	0	2	0	2	2	0	3	0	0	0	0	1	3	2	1	3	0	0	1	2	1	0	0
TA[C>G]AG	0	9	5	5	6	4	11	2	0	1	0	8	9	12	4	15	4	2	3	1	2	0	0
TA[C>G]AT	1	4	1	0	3	1	7	0	0	0	1	4	1	6	5	6	1	0	0	1	3	0	0
TA[C>G]CA	1	3	2	1	9	4	10	4	1	1	2	8	7	7	4	6	2	2	3	0	0	0	0
TA[C>G]CC	0	0	2	0	6	1	4	3	0	0	0	4	2	4	2	0	3	1	1	0	0	0	0
TA[C>G]CG	0	0	0	0	0	0	1	0	0	0	0	0	0	2	0	0	0	0	0	0	0	0	0
TA[C>G]CT	2	3	3	4	4	3	3	2	1	1	2	6	7	5	3	2	1	0	2	1	1	0	0
TA[C>G]GA	0	1	2	2	0	3	5	2	0	1	1	1	0	0	1	0	2	0	0	0	0	0	0
TA[C>G]GC	0	0	1	0	1	1	3	0	0	0	0	3	0	0	1	0	0	0	0	0	0	0	0
TA[C>G]GG	0	0	1	1	1	1	1	0	0	0	1	1	1	0	1	0	0	0	0	0	0	0	0
TA[C>G]GT	1	2	0	0	1	1	5	0	0	0	0	4	2	3	0	0	0	0	2	0	1	0	0
TA[C>G]TA	2	5	6	6	8	3	5	2	0	1	4	10	9	10	13	10	1	0	0	2	1	0	0
TA[C>G]TC	0	4	3	2	3	2	6	2	1	0	1	4	3	1	5	2	2	0	2	0	2	0	0
TA[C>G]TG	0	3	3	2	10	5	13	1	1	1	2	5	9	4	5	6	3	0	1	0	1	0	0
TA[C>G]TT	1	11	4	5	8	8	12	3	2	0	5	8	11	17	3	12	4	0	2	0	4	0	0
TA[C>T]AA	5	4	11	4	8	1	10	5	2	3	8	6	5	10	2	20	3	2	9	3	5	0	0
TA[C>T]AC	0	2	6	2	6	3	6	5	0	1	6	8	3	5	3	16	2	0	5	2	5	0	0
TA[C>T]AG	2	6	7	3	7	3	10	2	0	0	4	6	12	11	12	28	6	0	5	0	3	0	0
TA[C>T]AT	1	12	12	9	14	4	16	5	6	2	6	26	15	17	15	30	3	4	6	0	6	0	0
TA[C>T]CA	2	7	3	7	9	7	6	2	0	1	6	4	5	8	6	12	3	1	1	5	3	0	0
TA[C>T]CC	1	3	3	0	1	4	2	1	3	1	3	3	4	4	3	7	3	1	2	1	2	0	0
TA[C>T]CG	0	0	2	0	1	0	1	0	0	0	0	1	0	0	1	3	1	0	0	0	0	0	0
TA[C>T]CT	0	4	5	7	4	1	9	5	1	3	4	8	11	8	6	11	3	2	3	4	1	0	0
TA[C>T]GA	4	5	3	1	11	9	9	11	2	8	9	8	27	12	2	8	6	1	15	6	5	0	0
TA[C>T]GC	6	4	1	2	9	3	9	10	1	4	12	11	18	10	5	5	6	1	11	4	4	0	0
TA[C>T]GG	2	4	1	4	6	5	3	7	5	6	11	13	18	9	0	6	4	0	6	8	4	0	0
TA[C>T]GT	5	5	6	8	14	8	19	6	6	8	24	7	26	7	3	11	6	7	7	9	9	0	0
TA[C>T]TA	3	4	5	3	14	6	13	4	1	4	2	8	5	9	8	10	1	0	4	0	2	0	0
TA[C>T]TC	0	6	9	2	9	4	5	2	2	2	4	11	6	11	5	8	3	0	3	2	3	0	0
TA[C>T]TG	0	2	7	2	9	5	7	1	1	1	3	8	2	6	3	11	1	1	3	1	1	0	0
TA[C>T]TT	2	9	8	2	26	9	18	1	1	2	5	17	9	11	7	17	7	1	2	3	0	0	0
TA[T>A]AA	1	3	4	4	14	5	4	1	1	2	2	4	6	9	10	6	2	1	7	0	3	0	0
TA[T>A]AC	0	1	1	3	3	1	3	1	0	1	0	1	7	1	0	2	1	0	2	1	0	0	0
TA[T>A]AG	0	2	1	2	5	2	2	0	0	1	2	2	5	4	6	1	1	0	0	0	0	0	0
TA[T>A]AT	0	3	6	0	5	1	6	2	1	1	1	5	4	3	5	11	3	1	4	1	1	0	0
TA[T>A]CA	1	6	3	2	9	1	4	2	2	1	1	6	2	5	4	4	2	2	5	3	2	0	0
TA[T>A]CC	2	3	1	3	3	2	3	1	0	0	1	2	2	6	4	3	1	1	0	1	0	0	0
TA[T>A]CG	0	0	0	0	0	1	0	0	0	0	0	0	0	1	0	0	0	0	0	0	0	0	0
TA[T>A]CT	4	1	1	2	9	5	6	5	2	2	2	5	7	6	5	7	2	1	5	3	1	0	0
TA[T>A]GA	0	2	1	3	5	3	3	1	1	2	1	5	5	9	3	4	2	2	0	2	0	0	0
TA[T>A]GC	2	1	0	0	5	0	2	2	1	0	1	4	1	1	2	3	0	0	0	0	0	0	0
TA[T>A]GG	1	4	0	1	5	0	8	0	1	0	2	2	2	5	2	0	0	0	3	1	0	0	0
TA[T>A]GT	3	1	7	5	8	1	8	3	1	1	2	9	5	5	2	4	1	1	2	4	3	0	0
TA[T>A]TA	1	4	3	4	7	3	4	1	1	0	5	6	4	8	3	3	0	1	5	0	0	0	0
TA[T>A]TC	2	0	3	1	10	0	5	3	0	0	2	4	3	3	2	0	1	0	0	2	2	0	0
TA[T>A]TG	0	5	4	2	4	0	2	0	1	0	2	4	2	4	3	1	5	0	0	0	1	0	0
TA[T>A]TT	2	7	5	11	19	3	19	4	1	1	3	17	14	15	11	4	2	1	6	1	6	0	0
TA[T>C]AA	1	7	9	7	21	3	9	7	6	1	7	8	12	14	12	7	4	1	3	2	3	0	0
TA[T>C]AC	0	4	2	2	10	7	9	5	1	2	4	8	7	9	7	9	7	2	9	1	5	0	0
TA[T>C]AG	1	7	11	2	10	7	9	5	3	2	4	14	8	13	12	5	2	5	4	4	10	0	0
TA[T>C]AT	5	12	8	2	18	4	7	2	4	1	8	14	15	14	14	7	1	1	10	5	6	0	0
TA[T>C]CA	1	3	1	7	7	3	6	4	0	1	3	6	9	7	4	1	2	0	4	3	3	0	0
TA[T>C]CC	0	1	1	1	2	0	4	2	2	0	2	7	5	5	2	1	0	3	0	0	3	0	0
TA[T>C]CG	0	0	1	0	0	0	1	0	0	0	0	1	1	0	0	0	0	0	0	1	0	0	0
TA[T>C]CT	2	3	6	4	6	5	14	3	1	1	2	15	7	5	10	6	1	0	2	0	0	0	0
TA[T>C]GA	3	9	0	2	7	7	11	2	3	1	4	10	10	13	8	8	3	0	3	1	3	0	0
TA[T>C]GC	1	5	2	4	6	2	2	2	1	1	2	3	6	4	5	4	2	1	0	0	0	0	0
TA[T>C]GG	3	6	5	2	7	5	4	3	1	1	1	11	8	7	3	7	0	0	4	2	3	0	0
TA[T>C]GT	2	9	6	5	9	4	13	2	1	1	6	13	11	7	5	1	4	1	3	3	3	0	0
TA[T>C]TA	1	8	6	4	15	5	11	3	1	2	7	9	15	18	6	3	0	0	3	0	2	0	0
TA[T>C]TC	2	6	6	5	8	1	7	4	2	1	3	16	5	16	1	6	4	0	1	1	2	0	0
TA[T>C]TG	5	8	5	5	8	9	9	7	7	0	6	9	15	14	9	3	10	3	4	1	6	0	0
TA[T>C]TT	7	10	7	11	28	17	22	4	3	6	9	32	16	25	21	8	2	3	7	9	4	0	0
TA[T>G]AA	1	2	0	3	1	0	2	2	0	1	4	4	6	2	2	3	1	0	6	0	1	0	0
TA[T>G]AC	0	0	0	0	0	2	2	1	2	0	0	1	2	0	0	2	0	0	5	0	1	0	0
TA[T>G]AG	2	4	3	3	1	2	3	0	0	0	2	2	2	2	3	4	1	1	2	0	1	0	0
TA[T>G]AT	2	1	1	1	6	1	0	1	0	0	1	4	2	3	1	1	1	1	11	0	1	0	0
TA[T>G]CA	1	2	1	1	3	1	2	2	0	0	0	1	0	0	2	1	0	0	2	0	0	0	0
TA[T>G]CC	0	0	0	1	1	0	2	0	0	0	0	0	3	0	1	2	4	0	4	0	0	0	0
TA[T>G]CG	0	0	0	0	0	0	0	0	0	0	0	1	0	0	0	0	0	0	1	1	0	0	0
TA[T>G]CT	0	2	2	1	2	0	4	1	0	0	0	4	2	2	5	3	1	0	2	0	1	0	0
TA[T>G]GA	0	2	1	3	10	2	5	0	0	0	0	4	0	5	4	2	3	1	1	0	2	0	0
TA[T>G]GC	0	2	1	1	2	0	2	0	1	0	1	4	3	2	3	0	0	0	0	0	1	0	0
TA[T>G]GG	0	2	1	0	3	1	4	0	0	0	0	3	0	2	3	0	0	0	0	0	0	0	0
TA[T>G]GT	1	2	4	1	6	5	9	0	2	0	0	13	2	0	1	1	1	0	1	0	2	0	0
TA[T>G]TA	0	4	3	3	5	2	2	2	1	0	2	3	2	3	3	2	1	0	1	0	2	0	0
TA[T>G]TC	1	1	1	1	1	0	3	0	0	0	0	0	3	2	2	2	1	0	4	0	2	0	0
TA[T>G]TG	1	2	2	0	2	2	1	0	1	0	0	0	5	1	0	2	2	0	0	0	1	0	0
TA[T>G]TT	2	18	0	11	4	3	4	0	3	1	3	10	3	5	5	4	7	3	2	0	4	0	0
TC[C>A]AA	1	7	3	3	14	2	8	4	1	1	4	7	10	13	8	13	1	1	5	1	4	0	0
TC[C>A]AC	0	7	5	3	11	2	3	3	0	0	4	6	5	7	5	5	3	2	0	0	2	0	0
TC[C>A]AG	3	5	4	6	8	2	7	2	3	0	4	7	4	13	9	9	4	0	2	2	2	0	0
TC[C>A]AT	1	5	7	4	22	6	18	1	4	0	1	15	14	7	9	12	4	0	7	0	2	0	0
TC[C>A]CA	0	12	6	5	26	7	17	4	1	1	5	13	10	10	18	15	4	1	6	1	2	0	0
TC[C>A]CC	3	2	2	2	9	7	4	1	1	1	4	10	4	7	5	4	0	0	2	1	3	0	0
TC[C>A]CG	0	1	0	2	0	0	0	1	0	0	0	1	1	0	1	1	1	0	0	0	0	0	0
TC[C>A]CT	2	4	4	3	15	6	10	4	3	3	1	10	6	12	15	9	4	2	1	4	2	0	0
TC[C>A]GA	0	1	0	0	0	0	2	0	0	2	1	1	0	1	3	1	1	0	1	0	0	0	0
TC[C>A]GC	0	1	1	0	0	0	0	0	0	0	1	0	0	0	4	1	0	1	0	0	0	0	0
TC[C>A]GG	0	1	0	2	1	0	0	0	0	0	1	1	1	0	0	1	1	0	1	0	0	0	0
TC[C>A]GT	0	1	1	0	1	1	1	0	0	0	2	3	0	2	3	3	0	0	0	0	1	0	0
TC[C>A]TA	1	1	3	1	11	2	4	1	2	0	2	10	11	6	7	1	0	0	3	3	1	0	0
TC[C>A]TC	1	1	5	2	15	1	10	0	1	1	5	4	6	8	4	2	2	0	2	4	2	0	0
TC[C>A]TG	1	3	5	11	11	2	8	2	1	1	5	10	8	10	8	16	0	1	5	2	3	0	0
TC[C>A]TT	5	5	8	9	23	6	13	2	0	0	9	20	22	8	9	11	6	1	7	3	3	0	0
TC[C>G]AA	2	3	2	0	13	4	10	1	0	2	2	1	6	6	7	27	3	0	1	2	1	0	0
TC[C>G]AC	0	2	0	1	5	2	4	0	0	1	0	3	5	2	2	1	2	0	0	0	0	0	0
TC[C>G]AG	1	1	3	2	7	0	4	0	0	1	1	7	1	3	2	10	2	1	0	0	1	0	0
TC[C>G]AT	0	0	1	2	3	4	5	0	0	1	2	3	2	3	5	9	0	0	0	1	0	0	0
TC[C>G]CA	0	5	3	5	7	3	7	0	0	0	1	13	3	9	8	8	1	0	5	2	1	0	0
TC[C>G]CC	2	2	1	0	6	3	3	0	0	0	2	7	4	5	4	3	1	1	1	0	0	0	0
TC[C>G]CG	0	0	3	0	1	1	1	0	0	0	1	1	0	1	0	0	0	0	0	0	0	0	0
TC[C>G]CT	0	3	5	2	14	6	4	0	1	2	1	5	5	9	8	1	2	0	1	1	2	0	0
TC[C>G]GA	0	0	1	0	1	0	2	0	0	0	0	1	0	0	1	0	1	0	0	0	0	0	0
TC[C>G]GC	0	1	2	0	1	0	2	0	0	0	0	4	0	0	0	2	0	0	0	0	0	0	0
TC[C>G]GG	0	0	0	0	0	1	2	0	0	0	2	1	0	1	0	3	0	0	1	0	0	0	0
TC[C>G]GT	1	0	1	1	1	1	2	0	0	0	1	7	1	0	1	1	1	0	0	1	0	0	0
TC[C>G]TA	1	11	6	3	10	4	5	3	2	1	2	8	10	9	5	24	3	2	1	4	0	0	0
TC[C>G]TC	1	5	3	1	4	4	4	1	1	0	2	11	3	4	8	13	3	0	3	3	2	0	0
TC[C>G]TG	1	5	5	1	8	2	3	1	1	1	4	11	1	11	4	12	2	3	2	2	2	0	0
TC[C>G]TT	0	8	7	5	9	12	7	0	2	0	1	5	17	15	6	23	2	1	4	5	1	0	0
TC[C>T]AA	2	0	7	5	10	3	7	2	2	0	5	4	16	10	8	45	1	4	4	7	2	0	0
TC[C>T]AC	3	4	5	1	14	4	2	2	2	0	4	5	6	3	2	47	2	4	2	1	2	0	0
TC[C>T]AG	7	7	9	10	6	5	4	2	2	4	9	11	12	9	11	76	8	9	4	8	5	0	0
TC[C>T]AT	1	7	9	5	9	6	12	3	2	2	11	8	12	11	9	45	1	2	8	6	5	0	0
TC[C>T]CA	1	2	11	1	15	7	6	6	3	2	6	14	15	9	8	28	11	2	5	8	6	0	0
TC[C>T]CC	1	2	8	5	9	3	5	3	2	0	6	12	4	9	13	16	4	3	3	3	3	0	0
TC[C>T]CG	0	0	1	3	0	2	3	0	2	0	2	4	2	4	0	8	1	2	1	2	3	0	0
TC[C>T]CT	1	7	12	8	17	6	8	4	4	2	8	9	17	8	9	19	3	4	5	5	2	0	0
TC[C>T]GA	2	2	3	1	4	3	7	4	2	4	11	5	15	5	3	12	2	3	5	3	3	0	0
TC[C>T]GC	5	4	3	5	11	4	10	8	2	7	13	14	13	9	2	31	8	8	9	9	2	0	0
TC[C>T]GG	2	2	5	3	4	7	8	4	1	1	10	5	11	4	6	27	6	3	12	12	3	0	0
TC[C>T]GT	6	3	5	1	8	2	3	2	4	3	16	12	5	11	12	25	3	2	9	7	2	0	0
TC[C>T]TA	2	8	6	2	8	3	11	3	5	1	9	7	12	3	8	21	5	6	3	7	0	0	0
TC[C>T]TC	1	8	10	6	14	4	11	2	5	6	5	20	10	10	8	33	2	3	2	3	4	0	0
TC[C>T]TG	3	9	6	7	12	10	6	5	3	1	10	12	16	14	10	55	4	3	5	8	1	0	0
TC[C>T]TT	8	16	13	7	17	3	12	5	8	2	10	18	19	14	7	42	6	2	9	5	6	0	0
TC[T>A]AA	0	6	1	1	8	4	5	1	0	0	3	7	4	10	3	7	2	0	3	1	3	0	0
TC[T>A]AC	0	0	2	3	3	0	4	0	1	0	1	5	0	1	3	3	0	0	4	0	1	0	0
TC[T>A]AG	1	2	2	4	0	0	7	1	2	0	0	2	3	5	7	2	1	0	0	0	1	0	0
TC[T>A]AT	0	4	0	3	7	2	2	2	0	1	2	10	2	8	5	11	1	0	3	0	3	0	0
TC[T>A]CA	0	6	5	4	8	3	6	2	1	1	3	6	6	6	2	8	1	1	5	2	2	0	0
TC[T>A]CC	2	2	3	1	1	2	7	3	0	0	1	5	2	2	3	4	3	0	2	0	1	0	0
TC[T>A]CG	0	0	0	0	1	1	2	1	0	0	0	1	0	0	0	1	0	0	1	0	0	0	0
TC[T>A]CT	1	3	3	6	11	4	2	5	1	0	5	8	4	10	12	5	2	0	2	4	1	0	0
TC[T>A]GA	0	1	1	0	5	1	6	3	3	0	3	5	1	5	5	2	0	0	1	0	3	0	0
TC[T>A]GC	1	2	2	1	2	1	2	3	2	1	0	8	2	1	2	1	3	2	3	0	0	0	0
TC[T>A]GG	0	2	1	1	7	2	3	0	0	0	3	4	1	2	7	2	0	0	1	1	0	0	0
TC[T>A]GT	0	5	6	2	6	1	6	2	0	0	1	4	1	3	8	3	1	0	1	2	4	0	0
TC[T>A]TA	1	2	3	2	4	1	10	2	0	0	2	7	4	10	6	2	1	0	1	0	1	0	0
TC[T>A]TC	1	3	3	2	7	4	4	1	0	0	2	6	7	4	4	0	1	0	0	1	0	0	0
TC[T>A]TG	2	1	2	2	7	1	3	2	0	1	3	4	4	6	6	0	0	0	1	1	1	0	0
TC[T>A]TT	3	8	5	6	20	5	27	0	3	2	8	18	6	19	5	7	6	1	1	2	2	0	0
TC[T>C]AA	0	4	6	3	10	2	7	3	1	0	1	7	7	8	6	0	4	0	2	0	2	0	0
TC[T>C]AC	0	3	5	4	8	1	3	0	1	0	3	4	6	3	3	4	1	1	3	3	0	0	0
TC[T>C]AG	0	3	4	1	16	4	9	2	3	1	4	7	6	8	4	3	4	0	0	3	1	0	0
TC[T>C]AT	3	3	4	3	14	9	12	2	1	1	3	12	10	10	5	0	3	0	2	2	3	0	0
TC[T>C]CA	2	3	2	7	17	4	9	2	0	2	2	14	9	13	12	7	9	0	2	1	3	0	0
TC[T>C]CC	1	7	3	1	9	2	6	3	0	1	0	13	10	8	6	5	2	1	4	0	2	0	0
TC[T>C]CG	0	1	1	0	7	0	1	0	0	0	1	2	1	2	1	0	0	0	0	1	0	0	0
TC[T>C]CT	6	10	10	8	14	12	19	2	0	1	7	20	8	15	15	8	2	2	8	3	1	0	0
TC[T>C]GA	3	3	5	4	8	1	8	0	2	0	1	8	4	7	6	5	2	2	6	1	1	0	0
TC[T>C]GC	0	7	2	1	9	0	2	2	2	0	0	5	6	5	3	7	2	0	0	1	2	0	0
TC[T>C]GG	3	5	2	4	6	5	6	1	3	0	5	8	5	4	3	8	2	0	2	1	2	0	0
TC[T>C]GT	2	10	3	9	12	3	10	1	3	2	2	5	10	8	7	3	2	0	3	4	1	0	0
TC[T>C]TA	1	4	3	3	7	5	6	1	2	1	5	8	5	11	3	1	3	0	0	2	3	0	0
TC[T>C]TC	1	5	5	5	12	4	5	0	1	2	3	10	4	13	3	5	0	2	6	0	2	0	0
TC[T>C]TG	1	4	3	2	8	4	12	3	1	0	2	14	9	14	8	7	3	0	3	2	0	0	0
TC[T>C]TT	2	15	9	8	22	8	17	3	5	0	9	21	17	23	19	5	4	1	7	3	0	0	0
TC[T>G]AA	0	3	0	1	2	1	7	2	1	0	1	4	2	3	4	0	0	0	0	1	0	0	0
TC[T>G]AC	0	1	4	3	0	1	1	0	2	0	1	1	3	0	0	0	1	0	0	0	2	0	0
TC[T>G]AG	0	2	1	1	3	0	1	0	0	0	0	2	2	1	1	1	0	0	0	0	0	0	0
TC[T>G]AT	0	2	1	3	2	0	3	0	0	0	0	4	0	1	8	0	2	0	4	0	2	0	0
TC[T>G]CA	2	4	2	1	4	0	8	1	0	1	0	10	2	7	3	0	3	1	1	0	0	0	0
TC[T>G]CC	0	2	1	0	1	0	5	0	1	1	1	4	4	7	0	2	1	0	0	1	1	0	0
TC[T>G]CG	0	1	0	0	1	0	0	0	0	0	0	0	1	0	0	0	0	0	1	0	0	0	0
TC[T>G]CT	1	3	2	2	5	0	0	1	0	0	3	3	2	10	0	2	2	0	2	1	2	0	0
TC[T>G]GA	0	7	4	0	7	3	3	2	2	0	3	8	10	5	4	3	0	1	3	1	0	0	0
TC[T>G]GC	0	4	2	2	2	3	1	0	1	0	2	6	3	4	1	2	0	0	0	1	1	0	0
TC[T>G]GG	1	4	1	1	4	1	3	2	0	1	1	3	1	1	1	2	1	0	1	0	2	0	0
TC[T>G]GT	0	7	2	1	8	6	16	0	0	0	2	15	9	5	5	0	2	0	1	1	1	0	0
TC[T>G]TA	1	6	0	1	8	1	9	1	2	3	7	4	10	14	9	4	0	2	1	2	2	0	0
TC[T>G]TC	1	2	0	1	6	2	6	1	0	2	3	6	3	7	4	2	1	0	2	1	4	0	0
TC[T>G]TG	0	0	0	0	1	1	3	2	2	0	5	2	5	13	0	0	0	0	1	0	3	0	0
TC[T>G]TT	1	12	4	3	12	6	8	2	4	1	5	8	9	7	6	3	0	1	3	1	1	0	0
TG[C>A]AA	4	5	8	5	9	7	14	5	1	2	6	19	10	15	10	13	0	1	4	7	5	0	0
TG[C>A]AC	1	4	4	1	6	2	7	5	0	1	2	6	6	7	5	2	2	0	3	1	1	0	0
TG[C>A]AG	5	3	4	1	12	1	3	4	5	6	5	18	10	10	10	7	4	2	1	3	0	0	0
TG[C>A]AT	2	3	4	4	7	3	13	3	3	3	10	15	6	3	5	7	11	2	4	2	4	0	0
TG[C>A]CA	2	2	13	2	10	8	14	4	1	2	7	13	8	12	10	5	2	2	4	3	2	0	0
TG[C>A]CC	2	3	4	3	4	3	7	2	0	0	1	5	3	12	5	3	2	1	6	2	3	0	0
TG[C>A]CG	0	0	1	0	0	0	1	1	0	1	0	0	0	0	0	0	0	0	0	0	0	0	0
TG[C>A]CT	4	10	10	7	14	5	10	7	2	0	4	12	8	16	13	7	2	2	6	3	9	0	0
TG[C>A]GA	0	1	1	0	1	1	2	1	0	0	1	1	1	1	1	0	1	1	1	1	0	0	0
TG[C>A]GC	1	2	0	0	0	0	0	0	0	1	0	0	0	2	0	1	0	0	0	1	0	0	0
TG[C>A]GG	0	0	0	0	2	0	1	1	0	0	0	2	1	2	0	1	1	0	1	2	1	0	0
TG[C>A]GT	0	0	0	0	0	0	0	0	0	2	0	0	1	1	1	0	0	0	0	0	0	0	0
TG[C>A]TA	0	6	0	2	5	5	5	2	0	2	4	1	6	3	3	4	1	0	1	1	0	0	0
TG[C>A]TC	0	3	2	1	1	4	3	0	0	1	6	3	5	9	7	4	3	1	5	4	1	0	0
TG[C>A]TG	1	4	3	1	10	4	9	2	0	1	2	10	13	11	8	2	1	0	3	2	1	0	0
TG[C>A]TT	6	4	7	4	18	3	6	6	3	1	5	18	7	13	10	8	5	1	1	2	2	0	0
TG[C>G]AA	1	8	5	4	10	0	3	1	2	1	0	12	3	5	6	9	2	0	2	3	0	0	0
TG[C>G]AC	0	4	3	2	3	1	1	0	0	0	0	3	4	2	3	3	0	1	2	2	0	0	0
TG[C>G]AG	0	2	4	2	7	2	5	1	0	1	0	6	1	2	7	4	2	0	2	3	0	0	0
TG[C>G]AT	1	2	2	3	4	5	10	4	1	0	0	2	1	1	7	1	0	1	4	2	1	0	0
TG[C>G]CA	0	3	3	5	7	3	1	3	4	1	4	12	9	7	7	3	2	0	2	3	1	0	0
TG[C>G]CC	0	6	0	3	5	2	6	3	0	1	0	5	5	3	15	4	2	2	2	2	0	0	0
TG[C>G]CG	0	0	0	0	0	0	0	0	0	0	0	1	0	0	1	1	0	0	2	0	0	0	0
TG[C>G]CT	1	2	1	3	8	1	3	0	1	3	2	6	4	8	6	6	1	1	1	0	0	0	0
TG[C>G]GA	0	2	1	1	1	2	4	0	0	0	0	1	1	1	0	1	0	0	0	1	0	0	0
TG[C>G]GC	0	1	0	1	1	0	1	0	0	0	0	1	0	0	1	0	2	0	0	0	0	0	0
TG[C>G]GG	0	2	0	1	0	0	1	0	0	0	0	1	0	0	1	4	0	0	0	0	0	0	0
TG[C>G]GT	0	3	0	0	0	0	2	1	0	0	0	3	2	0	2	2	2	1	2	1	0	0	0
TG[C>G]TA	0	4	2	2	7	5	8	3	1	0	1	11	11	4	6	17	3	0	0	3	2	0	0
TG[C>G]TC	1	5	0	1	3	4	8	0	0	1	0	4	8	5	1	7	1	1	3	4	2	0	0
TG[C>G]TG	0	7	2	1	6	5	17	1	1	1	2	7	5	7	6	6	4	0	5	3	2	0	0
TG[C>G]TT	2	8	4	1	8	4	11	3	2	0	2	8	9	11	10	15	4	0	3	0	1	0	0
TG[C>T]AA	2	10	7	3	13	8	11	4	2	2	10	10	8	9	8	31	3	2	7	4	1	0	0
TG[C>T]AC	1	7	2	4	7	3	5	3	2	3	6	2	6	8	4	21	3	3	1	8	3	0	0
TG[C>T]AG	2	10	10	7	12	2	8	6	1	1	2	9	5	11	4	57	5	4	6	8	3	0	0
TG[C>T]AT	2	4	13	3	9	7	15	4	1	3	4	10	7	11	12	32	4	1	10	5	5	0	0
TG[C>T]CA	4	4	7	3	14	8	8	3	1	4	13	8	8	5	4	13	3	1	5	8	7	0	0
TG[C>T]CC	2	9	5	3	12	4	8	6	2	3	3	6	8	15	8	19	9	4	3	8	4	0	0
TG[C>T]CG	0	1	1	0	2	0	0	0	0	0	0	1	1	0	0	3	1	0	1	0	0	0	0
TG[C>T]CT	2	12	17	5	19	3	17	5	2	3	9	15	14	17	10	22	4	3	9	10	4	0	0
TG[C>T]GA	4	9	3	3	4	3	6	6	1	4	10	10	19	4	1	12	5	2	7	5	5	0	0
TG[C>T]GC	2	2	10	3	10	4	4	8	2	5	8	6	15	9	4	13	5	3	7	7	3	0	0
TG[C>T]GG	6	2	4	4	7	5	3	6	2	4	6	17	15	4	1	21	8	5	6	5	3	0	0
TG[C>T]GT	5	6	2	2	11	4	7	9	8	11	7	8	20	11	6	13	6	5	11	4	3	0	0
TG[C>T]TA	3	5	6	6	8	3	9	3	0	1	5	10	7	10	5	12	2	4	4	3	7	0	0
TG[C>T]TC	0	3	3	4	10	1	16	2	1	1	13	4	9	5	3	10	4	0	7	9	1	0	0
TG[C>T]TG	1	6	11	7	14	7	14	6	4	2	4	13	13	10	13	36	3	2	8	6	5	0	0
TG[C>T]TT	4	9	9	10	10	7	10	3	2	1	11	12	13	10	19	26	5	3	5	7	6	0	0
TG[T>A]AA	0	3	2	4	3	1	16	1	0	0	1	12	1	7	11	5	0	1	1	1	1	0	0
TG[T>A]AC	0	0	0	0	4	1	4	0	1	0	0	5	2	2	2	0	0	0	0	1	1	0	0
TG[T>A]AG	2	1	3	3	5	3	4	1	0	1	0	5	5	3	2	1	4	1	2	0	2	0	0
TG[T>A]AT	1	3	2	1	3	4	6	0	2	2	4	9	1	4	6	6	1	2	2	0	1	0	0
TG[T>A]CA	1	2	1	0	10	4	6	0	0	2	1	7	4	5	6	5	1	1	3	4	1	0	0
TG[T>A]CC	0	3	1	3	2	1	4	1	2	0	0	5	2	1	2	2	1	0	4	3	0	0	0
TG[T>A]CG	1	0	0	0	0	0	1	0	0	0	0	0	0	0	0	0	0	0	0	0	0	0	0
TG[T>A]CT	0	5	4	4	8	2	6	0	1	2	1	3	7	6	9	2	1	0	1	1	1	0	0
TG[T>A]GA	1	4	2	3	8	2	4	2	0	3	1	6	3	3	3	3	1	0	2	0	1	0	0
TG[T>A]GC	0	0	3	0	8	1	1	0	0	2	0	2	2	2	1	3	1	0	0	0	0	0	0
TG[T>A]GG	0	6	2	3	6	0	6	0	0	0	1	10	1	3	2	2	2	1	2	1	0	0	0
TG[T>A]GT	0	6	2	4	5	1	7	1	0	0	1	1	5	3	2	6	2	0	5	3	1	0	0
TG[T>A]TA	0	3	2	3	7	3	5	0	0	1	1	4	6	5	4	2	1	0	1	0	0	0	0
TG[T>A]TC	1	0	3	2	5	2	3	0	1	0	1	2	0	4	3	1	3	0	0	0	0	0	0
TG[T>A]TG	0	3	2	1	8	1	7	0	1	0	0	3	5	7	3	1	3	3	0	1	0	0	0
TG[T>A]TT	3	5	4	5	14	0	12	3	0	0	7	13	8	14	10	1	3	0	4	5	2	0	0
TG[T>C]AA	0	6	2	2	7	8	14	3	0	3	5	14	11	13	7	5	6	0	4	5	3	0	0
TG[T>C]AC	3	2	2	3	6	3	2	1	1	1	0	6	5	1	4	4	1	1	2	0	1	0	0
TG[T>C]AG	3	6	5	5	8	10	8	6	1	3	2	9	6	17	8	11	5	0	4	1	6	0	0
TG[T>C]AT	1	7	4	10	11	7	13	3	5	1	5	6	13	14	14	3	1	2	11	5	4	0	0
TG[T>C]CA	1	3	5	2	8	2	3	1	2	1	2	10	5	3	4	1	5	2	5	3	3	0	0
TG[T>C]CC	1	1	4	3	3	2	10	1	4	1	3	6	6	7	4	8	3	2	4	0	3	0	0
TG[T>C]CG	0	0	0	0	0	0	1	0	0	0	0	1	0	1	1	0	0	1	0	1	1	0	0
TG[T>C]CT	2	10	5	6	7	4	18	6	2	1	3	9	8	15	6	1	3	2	5	3	2	0	0
TG[T>C]GA	0	4	1	4	5	2	9	3	2	2	2	7	3	3	10	4	3	1	7	1	4	0	0
TG[T>C]GC	1	6	1	0	5	1	4	0	0	0	1	8	2	1	4	5	2	1	1	0	0	0	0
TG[T>C]GG	0	3	3	3	3	5	8	5	4	1	1	7	10	10	5	5	5	4	0	0	2	0	0
TG[T>C]GT	2	10	0	1	9	5	8	2	0	0	2	9	8	7	9	6	6	1	3	1	1	0	0
TG[T>C]TA	2	6	4	3	11	1	7	5	1	0	1	5	12	8	6	3	0	2	2	1	5	0	0
TG[T>C]TC	1	4	7	2	8	3	7	1	0	2	2	3	5	7	8	4	3	0	0	2	5	0	0
TG[T>C]TG	2	5	1	5	10	8	10	6	5	0	2	9	13	17	13	7	6	2	7	1	6	0	0
TG[T>C]TT	3	7	2	7	16	8	12	6	3	4	9	14	14	15	12	4	2	0	13	5	5	0	0
TG[T>G]AA	1	8	3	4	2	3	4	1	0	0	0	8	4	5	1	2	1	0	2	0	1	0	0
TG[T>G]AC	0	1	1	3	0	0	0	1	1	0	0	1	1	2	1	1	0	0	2	0	1	0	0
TG[T>G]AG	0	3	0	2	2	0	5	2	1	0	2	1	2	1	3	1	0	0	1	1	1	0	0
TG[T>G]AT	2	8	3	3	1	2	6	0	1	0	0	1	3	3	2	0	6	1	0	0	2	0	0
TG[T>G]CA	0	3	1	4	3	3	4	1	0	0	3	1	2	6	1	3	0	0	1	0	0	0	0
TG[T>G]CC	1	0	0	1	2	0	1	1	0	0	1	2	2	4	0	0	1	1	1	1	0	0	0
TG[T>G]CG	0	0	0	0	1	0	0	0	0	0	0	2	0	0	0	0	0	0	0	0	0	0	0
TG[T>G]CT	1	2	2	2	3	2	4	0	2	0	0	4	0	5	4	3	2	0	1	1	1	0	0
TG[T>G]GA	1	4	1	2	4	2	9	2	2	1	1	11	0	6	7	1	3	0	1	1	0	0	0
TG[T>G]GC	0	5	5	0	4	1	4	1	2	1	1	9	1	7	2	0	3	1	1	0	2	0	0
TG[T>G]GG	1	5	2	2	3	5	1	1	0	0	1	3	4	5	5	4	0	1	5	3	2	0	0
TG[T>G]GT	2	6	4	7	6	2	8	0	0	0	3	9	4	6	14	3	2	0	3	1	0	0	0
TG[T>G]TA	1	4	1	2	2	5	3	3	1	0	0	2	4	2	0	1	4	1	1	3	3	0	0
TG[T>G]TC	1	4	3	2	1	2	0	0	1	2	1	5	2	5	0	3	2	1	1	0	0	0	0
TG[T>G]TG	2	3	2	3	3	1	1	1	0	1	2	4	2	6	0	3	2	0	3	0	1	0	0
TG[T>G]TT	2	7	3	6	7	3	12	4	2	0	3	9	5	0	7	4	3	0	6	3	1	0	0
TT[C>A]AA	8	4	15	7	25	15	22	7	2	7	15	15	30	16	21	170	5	0	18	19	8	0	0
TT[C>A]AC	1	4	4	3	15	10	8	2	3	2	6	17	10	12	8	137	2	1	6	12	2	0	0
TT[C>A]AG	3	6	4	5	10	11	12	5	2	0	8	8	8	6	10	173	3	0	4	9	2	0	0
TT[C>A]AT	4	10	13	16	35	22	12	8	1	6	18	13	15	15	18	226	4	4	13	22	6	0	0
TT[C>A]CA	7	10	12	1	14	12	18	6	4	5	18	23	20	14	9	117	8	2	15	11	6	0	0
TT[C>A]CC	3	5	11	5	9	8	10	2	2	5	6	9	10	12	9	58	5	3	6	8	0	0	0
TT[C>A]CG	0	0	1	1	3	1	2	0	0	0	1	2	2	1	2	7	0	0	0	0	0	0	0
TT[C>A]CT	4	11	6	11	21	14	10	5	5	2	5	20	17	21	13	144	3	1	6	14	6	0	0
TT[C>A]GA	0	0	0	0	0	1	0	1	1	0	4	2	2	3	0	7	1	0	0	1	0	0	0
TT[C>A]GC	0	1	1	0	0	0	2	0	0	1	0	1	0	0	1	5	0	0	1	0	1	0	0
TT[C>A]GG	0	0	0	0	2	0	1	0	0	0	2	2	0	1	2	9	0	0	1	1	0	0	0
TT[C>A]GT	0	0	1	0	1	2	2	2	2	0	2	0	3	0	1	10	1	0	1	0	0	0	0
TT[C>A]TA	3	7	8	5	20	11	12	4	4	10	13	13	22	16	13	58	2	2	8	7	2	0	0
TT[C>A]TC	2	10	4	9	18	7	20	4	3	7	7	15	29	11	5	41	6	1	12	9	2	0	0
TT[C>A]TG	2	10	14	5	11	15	6	3	0	6	12	18	24	20	16	137	2	5	8	13	4	0	0
TT[C>A]TT	8	16	19	12	50	18	27	15	6	17	30	33	58	44	23	221	9	2	19	19	10	0	0
TT[C>G]AA	1	25	12	12	22	70	24	0	16	8	14	19	45	23	34	1469	22	3	20	106	4	0	0
TT[C>G]AC	2	7	2	2	0	5	4	0	4	2	5	3	8	2	6	148	2	2	1	10	2	0	0
TT[C>G]AG	1	9	2	7	11	27	6	0	4	2	3	6	12	11	26	444	10	4	4	32	2	0	0
TT[C>G]AT	2	5	12	3	8	10	6	0	5	1	3	7	8	7	10	340	3	3	2	26	3	0	0
TT[C>G]CA	3	17	7	10	18	16	16	3	7	2	8	18	33	19	8	214	8	2	3	26	2	0	0
TT[C>G]CC	0	5	5	4	8	3	7	3	2	1	4	5	3	15	2	53	2	1	6	6	0	0	0
TT[C>G]CG	1	1	0	0	1	0	0	0	0	0	1	1	1	2	1	13	0	0	0	1	0	0	0
TT[C>G]CT	2	12	3	7	17	13	9	1	5	2	6	14	18	5	15	112	12	3	4	18	3	0	0
TT[C>G]GA	1	0	0	0	1	3	5	0	1	0	3	1	1	2	2	35	2	0	0	1	2	0	0
TT[C>G]GC	0	1	0	0	1	0	0	0	0	0	0	1	0	1	0	3	2	0	0	0	0	0	0
TT[C>G]GG	0	0	1	0	0	1	0	0	0	0	0	1	0	0	2	9	1	0	0	1	0	0	0
TT[C>G]GT	0	0	1	1	0	1	1	0	1	1	0	2	0	2	2	11	1	0	0	2	0	0	0
TT[C>G]TA	1	32	26	12	25	51	16	4	16	3	25	17	60	23	31	1187	19	0	11	74	7	0	0
TT[C>G]TC	1	12	10	16	15	42	22	3	7	0	8	19	45	22	22	736	8	5	4	47	6	0	0
TT[C>G]TG	3	19	12	17	16	34	15	1	7	2	13	11	17	9	33	948	13	2	9	59	5	0	0
TT[C>G]TT	6	48	22	25	51	69	43	3	21	2	22	35	78	25	46	1580	23	9	19	97	8	0	0
TT[C>T]AA	7	12	27	9	24	29	11	6	17	8	30	37	25	20	28	1596	9	7	23	100	5	0	0
TT[C>T]AC	4	14	14	10	12	36	7	9	8	6	17	22	18	16	18	1338	11	7	19	94	11	0	0
TT[C>T]AG	2	10	13	19	21	57	16	5	18	3	26	34	27	17	19	2018	15	10	34	147	9	0	0
TT[C>T]AT	5	25	26	9	27	55	15	12	14	7	34	31	52	20	27	1748	14	10	32	111	11	0	0
TT[C>T]CA	3	8	14	2	22	14	8	6	5	9	27	27	20	10	13	417	5	3	11	24	5	0	0
TT[C>T]CC	4	12	14	9	11	14	9	6	3	4	8	20	30	22	6	313	5	3	16	21	8	0	0
TT[C>T]CG	0	2	1	0	2	2	2	2	2	0	2	4	2	0	3	63	2	1	1	6	2	0	0
TT[C>T]CT	3	19	29	14	21	27	14	16	6	6	31	28	35	28	17	481	6	4	15	49	13	0	0
TT[C>T]GA	4	8	4	1	6	7	10	9	4	3	16	12	24	6	2	103	5	6	13	17	3	0	0
TT[C>T]GC	6	4	2	2	7	3	8	2	3	12	14	8	12	8	2	117	4	1	11	12	7	0	0
TT[C>T]GG	4	2	8	3	5	6	5	2	1	6	9	6	20	7	4	142	8	4	9	19	6	0	0
TT[C>T]GT	5	5	6	5	6	6	8	11	5	4	18	6	32	8	7	153	9	1	20	25	3	0	0
TT[C>T]TA	3	11	11	7	11	29	8	4	8	4	14	24	27	13	15	677	5	3	12	48	0	0	0
TT[C>T]TC	4	8	20	8	28	19	20	7	2	7	22	25	18	20	21	744	11	4	19	48	8	0	0
TT[C>T]TG	6	16	25	26	17	36	11	5	19	5	17	29	36	20	25	1281	17	3	22	94	7	0	0
TT[C>T]TT	8	19	28	18	35	45	9	7	9	8	40	41	49	24	24	1205	11	10	28	81	10	0	0
TT[T>A]AA	8	24	17	9	51	12	21	25	12	9	86	19	105	45	27	29	15	11	68	14	26	0	0
TT[T>A]AC	0	2	2	0	3	2	2	1	0	0	1	2	7	5	4	1	1	0	3	1	0	0	0
TT[T>A]AG	0	2	4	0	2	0	3	1	1	0	1	5	5	8	3	4	2	1	3	0	0	0	0
TT[T>A]AT	2	4	4	2	12	6	8	5	2	1	5	10	17	9	15	5	9	0	9	0	2	0	0
TT[T>A]CA	0	6	2	6	8	1	13	0	1	0	3	3	5	5	4	3	0	0	1	2	0	0	0
TT[T>A]CC	1	3	5	0	7	1	2	1	1	2	0	4	4	5	3	0	0	0	1	1	1	0	0
TT[T>A]CG	0	0	0	1	1	0	1	0	0	0	0	0	1	0	0	0	0	0	0	0	0	0	0
TT[T>A]CT	1	5	8	2	17	7	13	1	2	2	1	14	4	11	10	5	1	2	3	0	0	0	0
TT[T>A]GA	0	2	1	7	2	2	4	1	0	1	3	4	3	7	2	1	1	0	2	0	2	0	0
TT[T>A]GC	2	1	1	0	2	2	3	2	0	0	0	1	1	2	1	1	2	1	1	0	0	0	0
TT[T>A]GG	0	4	2	0	3	0	3	0	0	1	1	4	4	2	5	2	3	1	3	1	1	0	0
TT[T>A]GT	1	4	5	4	5	3	6	3	0	0	2	4	4	9	4	5	0	0	2	0	0	0	0
TT[T>A]TA	2	6	6	3	15	4	15	6	0	0	7	15	19	9	7	7	3	1	9	5	4	0	0
TT[T>A]TC	1	5	5	1	7	1	8	0	0	1	2	7	6	2	2	1	1	0	1	1	2	0	0
TT[T>A]TG	0	4	3	2	5	1	11	0	1	0	1	3	3	8	5	3	2	1	1	0	1	0	0
TT[T>A]TT	2	10	9	9	23	11	34	6	3	4	8	27	27	14	10	5	4	0	20	3	6	0	0
TT[T>C]AA	3	6	4	5	12	6	17	3	1	3	3	10	7	17	7	5	6	0	6	4	6	0	0
TT[T>C]AC	3	4	2	2	6	3	6	2	3	1	2	7	6	8	9	7	1	1	3	0	0	0	0
TT[T>C]AG	3	4	5	4	11	3	9	2	2	1	8	8	9	11	7	9	2	2	3	0	2	0	0
TT[T>C]AT	1	5	7	10	24	16	22	9	4	4	10	21	12	20	13	9	3	1	4	3	6	0	0
TT[T>C]CA	1	5	8	6	15	5	16	4	1	2	4	7	13	10	6	5	5	1	6	3	2	0	0
TT[T>C]CC	1	9	3	5	11	5	12	5	1	4	4	10	22	8	7	8	0	2	14	7	6	0	0
TT[T>C]CG	0	0	0	0	1	1	0	0	0	0	1	1	1	0	0	1	0	0	1	0	1	0	0
TT[T>C]CT	1	14	8	9	15	8	18	4	5	4	8	32	21	19	19	17	3	2	12	6	3	0	0
TT[T>C]GA	0	2	1	1	4	0	6	1	1	0	0	9	3	15	1	4	2	0	0	1	3	0	0
TT[T>C]GC	1	1	4	3	4	2	4	0	2	0	4	1	6	5	4	1	4	1	9	1	1	0	0
TT[T>C]GG	0	3	3	2	8	3	7	2	0	1	5	10	4	9	6	2	0	0	3	2	2	0	0
TT[T>C]GT	1	5	3	1	7	7	8	2	3	3	5	9	3	9	9	1	3	1	2	2	2	0	0
TT[T>C]TA	2	3	5	4	11	6	13	5	2	0	5	13	3	16	3	2	4	0	8	2	2	0	0
TT[T>C]TC	3	4	2	2	8	6	13	1	1	2	3	6	7	10	5	4	1	3	5	2	3	0	0
TT[T>C]TG	1	8	9	7	8	7	9	5	3	1	7	10	6	9	6	5	4	2	5	3	7	0	0
TT[T>C]TT	2	15	9	9	19	9	19	7	4	2	17	23	19	29	16	14	4	4	12	4	11	0	0
TT[T>G]AA	0	4	1	3	5	5	9	3	1	1	2	16	8	8	5	2	2	1	5	1	2	0	0
TT[T>G]AC	3	3	1	0	4	1	1	0	3	0	1	0	0	1	2	0	1	0	2	0	1	0	0
TT[T>G]AG	0	1	1	2	4	2	1	0	1	0	0	2	4	3	1	6	0	0	1	0	2	0	0
TT[T>G]AT	0	4	1	1	3	2	2	4	1	0	4	4	5	3	5	4	4	0	1	0	1	0	0
TT[T>G]CA	1	1	4	1	5	4	2	1	1	0	2	4	6	2	6	1	1	0	2	1	2	0	0
TT[T>G]CC	1	0	1	0	3	1	5	1	0	1	3	4	3	2	1	1	3	0	0	2	2	0	0
TT[T>G]CG	0	0	0	0	1	0	2	0	0	1	0	1	0	1	0	0	0	0	0	0	0	0	0
TT[T>G]CT	0	5	0	3	5	4	3	1	1	0	2	7	3	6	7	1	6	0	2	1	1	0	0
TT[T>G]GA	1	6	5	2	9	4	10	1	3	1	6	9	4	4	5	2	2	0	1	1	1	0	0
TT[T>G]GC	0	3	0	1	4	0	5	2	0	1	1	5	3	5	3	1	7	0	1	0	2	0	0
TT[T>G]GG	0	0	5	3	10	3	7	5	2	0	1	3	9	2	5	3	3	0	8	1	3	0	0
TT[T>G]GT	0	6	2	5	14	5	13	0	0	2	2	10	5	15	8	5	2	2	2	0	2	0	0
TT[T>G]TA	3	10	4	3	10	4	16	4	3	0	5	2	3	10	12	6	3	2	2	1	4	0	0
TT[T>G]TC	2	5	2	0	4	2	7	2	0	1	4	5	5	7	4	6	3	0	4	3	0	0	0
TT[T>G]TG	0	6	2	3	8	4	2	0	3	1	3	8	2	8	0	7	4	1	4	2	3	0	0
TT[T>G]TT	2	10	5	11	14	4	12	11	1	2	12	14	14	14	14	7	8	3	9	2	2	0	0
